"","T","expected_time","delta"
"1",0.418153848582483,0.360960423054467,1
"2",1.08126796260616,0.361197193827558,1
"3",0.013042982364424,1.81294825432552,1
"4",1.84397300429467,1.60463386012534,1
"5",0.00541449157796427,0.0208633147092455,1
"6",0.141390738140514,3.50911579378398,0
"7",0.0951217201594997,1.14518576078841,1
"8",1.6042537204056,0.96411953723314,1
"9",0.484243352999736,1.89408760221961,1
"10",1.14157943087793,0.78776537456702,1
"11",1.60044818504625,3.27860879772387,1
"12",4.97256291267958,4.31969409057776,1
"13",0.420219210468568,0.273311311297867,1
"14",0.636968612666674,2.72912704671589,1
"15",0.214644370857555,1.01406533262633,1
"16",2.81337482032774,3.28192249048151,1
"17",2.93232767864166,1.57460958919415,1
"18",0.252683148254278,0.182284992574697,1
"19",0.280639337104798,2.06492633425554,0
"20",0.538356616222983,2.37645255330062,1
"21",0.0559270900833052,0.849137533195445,1
"22",1.16545154295697,1.38995967723653,1
"23",4.05598043502393,1.49844332485813,1
"24",2.20044715538557,1.6444387300374,1
"25",0.0391818523270616,0.116457253102376,1
"26",0.302908031225185,0.573054392641132,0
"27",4.14429372321836,3.86594443947978,1
"28",0.145526680049648,3.09305528631871,1
"29",0.389809064508367,1.16586313483103,1
"30",1.7266591995091,2.29956778167509,1
"31",0.182438879795347,0.264767291825865,1
"32",2.15339700722539,1.63055422624875,1
"33",1.1228939439969,0.452858541940475,1
"34",1.9862758238,1.10317091688649,1
"35",1.79149680844169,2.57974258620457,1
"36",0.00161665479447436,0.317441493174285,0
"37",1.46164479281926,2.40230593323203,1
"38",2.11268006985324,2.55122053596863,1
"39",0.0608457969704604,1.67099266383755,1
"40",2.68525017480129,2.12060701534857,1
"41",0.18542517969121,0.349582483227972,1
"42",1.49240228258982,2.40841612651516,1
"43",0.0129041445216345,0.591778310123026,1
"44",3.88566885378691,1.41708048496785,0
"45",1.49417560140978,3.72016183289411,1
"46",0.113383707483667,0.314974479525159,1
"47",0.154478754664656,0.218918202385238,1
"48",0.178306065994481,0.785027281576912,1
"49",0.973253970862754,3.11012669791101,1
"50",0.906073215710691,1.29193910761407,1
"51",1.0195190131201,2.21178343467808,1
"52",0.794857062916453,1.22595573784886,1
"53",2.25885127081684,2.54695158778947,1
"54",0.0438135125849856,0.470512796015013,1
"55",1.42200219783513,2.42757609044031,1
"56",2.38191346897339,4.08530026241375,1
"57",0.92758667831173,0.368586772168229,1
"58",1.97098155208519,2.19717414916489,1
"59",2.63356362618262,2.82579672163347,1
"60",0.334999454256927,2.76134627335477,1
"61",7.5380468586291,4.47510862273939,0
"62",0.370102059105188,0.596814348435452,1
"63",0.406397953858991,2.73372268688481,0
"64",0.0966746608240877,1.33149391385394,1
"65",0.843850627032473,0.851557109555375,1
"66",0.0554458629144875,0.401039646232387,1
"67",0.0954577872756397,0.339425158929993,1
"68",2.9207346123751,2.48734576241992,1
"69",1.59266910307862,0.867460794804213,1
"70",0.0277223988468296,3.99304119111329,1
"71",0.722917970669063,1.9127573673247,1
"72",0.000903763105369983,0.299461668731391,1
"73",0.121423366241944,0.370243793199432,1
"74",0.393830297678905,0.616941472012922,1
"75",0.510120228134801,1.47126335706394,1
"76",0.0562231678553191,0.746465159597778,1
"77",1.14317384154586,2.25780649636515,1
"78",0.469905922061037,0.459870820023826,1
"79",0.170144778484933,1.37452932968112,1
"80",0.612265286378443,0.557152593639907,1
"81",0.675881743733178,1.82546265146209,1
"82",1.19234991950572,1.70505228271046,1
"83",3.88077064804592,1.69648214415883,1
"84",0.0392097214275433,0.111212098319349,1
"85",3.51273402297162,2.0334569959797,1
"86",0.471564459718666,0.288081111810152,1
"87",0.461854177484648,0.435883814662307,1
"88",6.14864958394357,3.16345700908949,1
"89",1.03423525154692,0.767133052514347,1
"90",0.133144806496573,0.0986689090367599,0
"91",14.2949235900968,5.77792861997605,0
"92",0.033136645635403,0.0292535610388448,1
"93",2.04160435187184,1.85490716097058,0
"94",1.0035018096706,1.60941831231127,1
"95",1.01629913421129,0.769469069021635,1
"96",3.18685833993154,1.37178856446847,1
"97",0.0259791327363403,2.36599597743546,1
"98",2.58014154172653,4.37479994421005,1
"99",2.43229667612547,2.26371646303382,1
"100",0.111141424624641,0.825153616205761,1
"101",1.40192632209471,1.58016556985302,1
"102",12.3564236252212,3.22304929937265,1
"103",0.378903744005374,0.437687231908952,1
"104",0.299688573074035,0.187337450378556,1
"105",0.241005845091424,1.14350410664632,1
"106",1.62989148257686,0.936510066828653,1
"107",0.626832741946075,0.359982064109022,1
"108",0.201326475913726,0.586984624426902,1
"109",0.117689661347576,0.218137326003995,1
"110",1.9923190613251,2.55896762665796,0
"111",0.228953182087469,0.637328201479993,1
"112",2.58961127864393,2.6415523758139,1
"113",0.4036201522326,0.669245482436793,1
"114",0.447973390293516,0.454205938326996,1
"115",7.54890674470964,4.5759786146305,0
"116",2.00866836132316,2.299313186193,1
"117",1.28604991894073,1.43464381699886,0
"118",0.258500696647045,0.803817416012171,1
"119",0.432447872923146,1.38207367793846,1
"120",0.000239889086487953,0.0591496358584325,1
"121",0.0192413487419383,0.708739620896334,1
"122",0.00403499958040145,0.165136633993128,1
"123",2.64760619457989,2.33441718539495,1
"124",1.15831127605731,1.30479393285862,1
"125",0.491255804054987,1.03793409018332,1
"126",4.23238123673705,2.17275653004642,1
"127",2.37364706677404,1.47416877148608,0
"128",0.666908551323491,0.900151060183038,1
"129",0.913108157177808,1.18474203303639,1
"130",0.128676299228571,0.140622757833463,1
"131",0.920442328587961,3.05695630346192,1
"132",1.92231910166328,1.4985193327095,1
"133",1.43027561571786,1.95212532872151,1
"134",0.74957937291738,0.401989113286606,1
"135",0.137777053765847,0.187370158078501,1
"136",0.0706794559260193,0.695063206394593,1
"137",0.92894671511778,0.401162921344676,1
"138",2.7783118163909,2.47400711507259,0
"139",1.16184391608817,5.77166641563672,1
"140",0.540548236919936,0.479699600133265,1
"141",0.457322961686237,1.28868498481567,1
"142",0.289131903377112,0.727076772304437,0
"143",0.0173864075504848,0.445624541680714,1
"144",1.11738835427134,0.640502295612811,1
"145",0.0271051765002381,0.685512069395182,1
"146",0.222274953734267,0.519202400327964,1
"147",0.0965840808081013,0.355267583378986,1
"148",4.33835883806379,4.22158246200088,0
"149",0.161337528846082,0.788987186789473,1
"150",0.167699960820242,0.883453987000221,1
"151",0.193399337533032,1.96158590740765,1
"152",0.0934672871428759,0.458711352451603,1
"153",0.125690510909812,3.09892342145818,1
"154",0.883328344065434,1.17685029882663,0
"155",0.555333148661123,2.9554460742172,1
"156",0.585721208081148,1.58022024551079,1
"157",1.62667799326951,0.633486985813839,1
"158",0.72691407075197,1.22046429431546,1
"159",0.280024847745945,0.28697826919018,1
"160",0.594644946045289,0.507140185986369,1
"161",9.85275582283811,2.94496581814333,1
"162",0.330514130550475,0.771764809629188,1
"163",0.963871191321616,0.684242871334645,1
"164",0.0804412879005293,1.79427094570014,1
"165",0.235028377715036,0.653677466583017,0
"166",0.255953584797722,0.0586682425948388,1
"167",1.74949261969994,2.72189926860384,0
"168",0.444753840864471,1.61182825208443,1
"169",0.215725066721878,0.240414955348841,1
"170",3.57725716472152,3.44295150045655,1
"171",0.100242753333605,1.92446957399368,1
"172",4.8581915000346,1.18952721058534,1
"173",0.185701479568239,0.400982907207031,1
"174",0.644106262518476,1.48439683441955,1
"175",0.771488690440426,0.760741691223974,1
"176",0.690748203060777,1.07589304891985,1
"177",0.40200571843998,0.768953293315889,1
"178",0.0775956051452357,1.82093422887458,1
"179",0.0117088615012137,0.0949587941806115,1
"180",0.476664797645288,0.542595503336013,1
"181",0.672483406562909,1.07125401794376,1
"182",0.853838395836938,0.65832928701639,1
"183",0.94908911528631,1.27794444020339,0
"184",0.374301623052425,0.752348671018502,1
"185",0.512592810049638,2.12177324545253,1
"186",2.16881582002056,1.28158275571763,1
"187",1.08696260722534,0.52062584715414,1
"188",5.62898843280874,1.25765045877138,1
"189",8.49133869663661,3.1915171922641,1
"190",0.0848563610558561,0.0412160588864756,1
"191",0.151284931194154,1.16473720076943,1
"192",0.356394955654741,2.10222112301143,1
"193",0.609127350068446,2.84697708410967,0
"194",0.634579097755835,1.18197311833379,1
"195",0.217235882166504,0.382506146287024,1
"196",0.48794850619338,3.27956120436633,1
"197",0.407167004050734,0.721267043448722,1
"198",0.695517728910836,0.9125821822708,1
"199",0.326015695095722,0.497877866594704,1
"200",1.88155431859958,1.04709399612365,0
"201",0.764214343434003,5.6993595366218,1
"202",0.139117249847162,0.609109607124602,1
"203",2.21681054946144,2.07208584699339,1
"204",0.705827344373028,0.652728852002932,1
"205",0.528810928528288,2.24056538190632,1
"206",0.280307025517588,1.71441661992813,1
"207",0.003275190518264,0.37068893003396,1
"208",0.322519981887791,1.62544741924313,1
"209",0.718195607809556,0.871341458455091,1
"210",3.00715494631903,2.20317120170873,0
"211",1.44593310306421,2.0425132719766,1
"212",1.0718824582742,1.04263062956614,1
"213",0.43307482652291,2.31591774272474,1
"214",0.304278278010863,0.25925736539788,1
"215",1.90640123156921,0.942438541563114,1
"216",0.999049232838481,3.66171242458449,1
"217",0.000789984314817014,0.0433524459571664,1
"218",0.0135243393170769,0.150663012537011,1
"219",0.0811749775976443,0.254039721270448,1
"220",0.113754313256285,0.127162486883046,1
"221",1.09540588151995,1.53819233065706,1
"222",0.188009765778998,0.421838808710966,1
"223",0.0726501112409457,0.0443153758959867,1
"224",0.638355039556724,0.471637813640283,1
"225",1.12719126904645,0.815049791256697,1
"226",1.86889246494893,2.86524383341119,1
"227",0.577998867614899,0.315389246096152,1
"228",2.52114216644006,1.48298574859218,1
"229",3.70110055318245,3.11898876014955,1
"230",0.606870209510631,0.957557754466791,1
"231",0.837176254910135,0.491802841539388,1
"232",0.966546902074683,2.1816219711137,1
"233",1.2710431254565,1.61760837169575,1
"234",0.0207416037952263,0.0847864399253815,1
"235",0.358124187786182,1.10785771271304,1
"236",0.0570441798217144,0.0672191467249174,1
"237",1.16607129357839,1.01241048066305,1
"238",0.409268559684764,1.1085874066655,1
"239",2.70016751374356,3.0510135158191,1
"240",0.856956221416042,1.22872180243561,1
"241",0.772581179469204,0.494593605318295,1
"242",0.561183911334838,1.90061862652462,1
"243",0.155853821355426,5.11069235720797,1
"244",0.117000831110566,0.435574809420566,1
"245",1.03332752927995,0.60063859612515,1
"246",0.675636841953487,1.20275012001815,1
"247",4.71182037845385,1.92855248029184,1
"248",1.5166116810959,0.85653641906701,1
"249",1.58567021111099,1.93857093272534,1
"250",4.56562291378089,1.41719845049386,1
"251",0.741292271276359,1.45324145784594,1
"252",1.63461884996946,1.68671718720767,1
"253",0.177303304079973,1.21555906568133,1
"254",1.79189765009732,1.01655403950744,1
"255",9.77953280559344,5.88113995235073,1
"256",0.476135390778596,0.397896234901372,1
"257",0.419191474094606,0.316584353466451,1
"258",1.2622884859181,2.8497715136702,1
"259",1.08674902478079,1.06788783469335,1
"260",0.363424970536596,0.69180773669001,1
"261",2.28246951518607,1.81957449608186,1
"262",0.528093818882552,1.50825051802884,1
"263",1.15752091908017,1.05832801857479,1
"264",3.92843632950449,1.06899076513027,1
"265",1.80993845996373,2.64356880193924,1
"266",0.743351313060995,5.285550830309,0
"267",0.394031944408043,2.21869418708068,1
"268",0.0655577071174279,0.591738418355222,0
"269",0.983998326873054,0.84435497793801,1
"270",0.631797434286853,3.29963977813134,0
"271",8.3577040579483,3.51071533357667,0
"272",9.44717965715285,3.36462856811736,0
"273",4.29659837607626,3.40838499437423,1
"274",0.0852064880270013,0.578038667823513,0
"275",1.07435125311428,1.96553776188758,1
"276",0.0733238851609577,1.44843135453303,0
"277",2.09775794552016,1.50837708158682,1
"278",0.305002622076741,2.6496146082829,1
"279",1.05179361228931,1.6864915793038,1
"280",0.818888139190331,1.4502892048956,1
"281",0.0662143871100529,0.431473452728758,1
"282",0.786829313491565,1.53898057616195,1
"283",0.555048227260683,0.628380090863495,1
"284",0.0103714293957997,0.0328744610076315,1
"285",0.139284633059997,0.20668946538307,1
"286",12.8390226557023,1.50410036180474,1
"287",0.643733422727227,1.34644356993646,1
"288",0.0190966093611969,0.288833003825663,1
"289",0.24515279766402,0.0620527890958763,1
"290",0.247416211586165,1.1694577142061,1
"291",0.910629321554925,1.50477926798765,1
"292",9.33496259170391,4.54716098760727,0
"293",0.458664364873324,2.3509922576057,1
"294",2.60376687445569,1.7327418789876,1
"295",2.39036764416645,2.65064234558438,1
"296",0.563750191649163,1.87149516103982,1
"297",4.29329645598633,3.54104734401259,1
"298",0.656639114263451,0.36588023389446,0
"299",0.100712492383064,1.343997507946,1
"300",8.10984962352172,4.19379118160325,0
"301",0.33825065102887,0.52956700347981,1
"302",0.497478378743017,0.849649539192194,1
"303",0.360417860806871,0.275383222422088,1
"304",1.12081419837678,1.13992012905506,1
"305",0.121558843827895,1.45603838598173,1
"306",1.09962945837019,3.51781681468327,1
"307",0.000655554482447483,0.194185498682411,1
"308",0.508779683947239,2.26637071929497,1
"309",0.906094424656351,0.440955033201608,1
"310",0.0863912104207143,1.09083167033791,1
"311",0.450508893022367,4.66023596686744,1
"312",1.18657059890998,1.01413568907374,1
"313",0.316386305633626,0.668160912365209,1
"314",0.686114389978891,0.474100699532753,1
"315",1.22276897190089,0.707918986192174,1
"316",0.172446433409513,2.97619347739831,1
"317",0.568164185845204,0.677160425469086,1
"318",0.0139841989198341,0.103505842152811,1
"319",9.88179216599121,5.95853350927347,0
"320",0.17975560185292,2.01860189635484,1
"321",0.729065931424426,0.653414734234245,1
"322",0.132885740367172,0.0592471638675834,1
"323",0.305210737966698,1.02344475736963,1
"324",10.7804096847133,5.13209843720697,0
"325",3.57054403183711,1.54650794049258,1
"326",0.16646415182566,2.26067667812802,1
"327",2.71528065926413,3.4643645091828,1
"328",0.993078792913397,0.656082929818843,1
"329",1.0948800318166,1.43575817717653,1
"330",0.212157987886932,0.103943009084548,1
"331",1.67310564449381,0.690296400297961,1
"332",0.297847817426716,1.07610178974097,1
"333",0.182765603054958,0.898856946404534,1
"334",0.156190393401511,1.23889552767053,1
"335",0.446394582303525,1.40584607256338,1
"336",0.075054511801117,0.0709892549026609,1
"337",0.390955098534424,0.9377276576712,1
"338",0.0256450840843747,0.174911652886717,1
"339",2.28343084400963,1.45410187684316,1
"340",0.0413373940588032,0.9432935083952,1
"341",0.554380810295191,1.30118322105483,1
"342",0.145948616514653,3.48420786512065,1
"343",0.409256730913082,0.679733933496585,1
"344",0.196894429205496,0.587924596484767,1
"345",0.0914178250093167,0.152893914399869,1
"346",0.189869297543355,0.33516070216142,1
"347",0.04159297504666,0.282943263317575,1
"348",2.43506216363606,1.51616531065973,1
"349",0.215538847239582,0.385573945529672,1
"350",0.709036738915228,1.42297732736329,1
"351",0.639165665316387,0.892490494310157,1
"352",0.560010731960502,0.14464479615306,1
"353",0.961031119582314,0.526547249285627,1
"354",0.605510218522882,1.87332762744934,1
"355",1.56917409785392,1.57302443583503,1
"356",0.814733691460401,4.17662371467294,1
"357",0.346250103304004,1.99709434594885,1
"358",0.254109623128784,0.158959790189021,1
"359",0.108888097260759,0.219538754318199,1
"360",4.91365504640216,3.36362440227604,1
"361",1.28841987397219,2.83952678913889,1
"362",1.51028759144838,2.44038663032151,1
"363",5.85582729002746,4.22939337493457,0
"364",3.1514439100737,3.08838052039593,1
"365",0.13021998399187,0.282806068291183,1
"366",0.186374401833485,1.26492377699069,1
"367",14.1663064401351,4.99467229937204,0
"368",0.75102578562582,1.24832011938969,1
"369",5.30766512261884,3.76895687783448,0
"370",1.84770240183321,1.67267841289347,0
"371",1.6024140056919,0.9640379934138,1
"372",0.454549981400218,0.179833399353028,1
"373",3.51716708080554,1.98832955703863,1
"374",0.364970922113998,0.191447396981634,1
"375",0.81852203124885,0.454090069038584,1
"376",2.85564865071319,1.81366462456222,1
"377",0.562130108755703,0.230360241048145,1
"378",2.24326933471774,0.904086540546511,1
"379",0.0214641073802381,0.288919146109414,1
"380",0.45121680742612,0.50505379814095,1
"381",2.11570060900975,1.6548301330836,0
"382",0.490143400522306,1.31794346115358,1
"383",0.00156249786893258,0.577187470811704,1
"384",0.442270328822285,1.27462376919938,1
"385",9.81388651949096,2.57500667359524,1
"386",0.0201367354772314,0.0654378585189161,1
"387",0.200285311773412,1.73173956272043,1
"388",0.468412440507411,0.880153212692468,1
"389",0.12066522384589,1.88378406416218,1
"390",0.169758791954337,0.288286187702493,1
"391",0.87077727434394,0.75306296764438,0
"392",0.050243448506678,0.204769219945015,1
"393",0.225471555445137,4.75348307751127,1
"394",1.86569357283256,1.65304930228627,1
"395",1.18994438583433,1.68074297339616,1
"396",0.491328663191736,0.255013059271599,1
"397",0.331899325857247,1.50385770549538,1
"398",7.25024880736649,5.34244295310519,1
"399",0.337029303627676,0.944380175869346,1
"400",0.140131789114903,0.775007824679494,1
"401",0.501159184053224,0.326711786674452,1
"402",0.0157461348320661,0.486910483716621,1
"403",1.23686290928253,1.47924151463543,1
"404",0.259580429116473,0.903889429158204,1
"405",1.24584696474561,2.749274314977,0
"406",0.0518428277644512,0.725419476316454,1
"407",1.29273836138557,1.0171449992171,1
"408",0.703288196239292,1.45220589205111,1
"409",0.0106012597909894,0.106895714098813,1
"410",2.81004036142146,1.25188502305589,1
"411",0.097117623467026,0.781562493942586,1
"412",0.502052580734575,2.07033690492484,1
"413",0.134021210589871,0.297888605257669,1
"414",8.07547498234819,2.98608490651228,1
"415",1.33862710918689,0.857075239795361,1
"416",0.177651585262738,0.233554809062666,1
"417",0.887883322322061,1.58562801288705,1
"418",1.23591932550581,1.62439223267926,1
"419",2.35606168934567,3.73612431411252,1
"420",2.5597573300764,1.63556770595829,1
"421",0.165911388873937,1.06526082491599,1
"422",7.19925514068743,2.56410482205707,1
"423",1.1310429907788,1.8641838627195,1
"424",0.701845521070348,3.47636022509464,1
"425",0.426447651558569,0.68851552173253,1
"426",0.643670196528235,1.79826908866002,1
"427",4.83597542267646,2.2310868485155,1
"428",0.87948010036366,2.12513156531695,1
"429",0.471142768752733,1.30561812903377,1
"430",0.162581969017638,0.636509961312024,1
"431",0.757290976062904,1.66337092637119,1
"432",0.143242239803707,0.139143990885574,1
"433",4.32383698856901,2.65241003383958,1
"434",1.72234536200539,1.15731069968722,1
"435",0.00139044775320532,0.0156128633470547,1
"436",2.63243968362404,1.20698136758751,1
"437",0.0760401068520859,0.0441623666876449,1
"438",2.66064330754726,3.29646145605554,1
"439",0.186117366696026,0.292965997105345,1
"440",0.271021911754744,0.623113339953703,1
"441",2.00438689755127,0.746462125189274,1
"442",7.71021689409882,4.64374433890029,0
"443",0.698837021815976,0.745999421802748,1
"444",0.181611131195318,1.73572354897534,1
"445",0.16097510460937,1.60583244330439,1
"446",0.130239102395386,0.295799237447704,1
"447",0.138364542529274,0.099840097279486,1
"448",0.0406164844656482,0.0618480333698225,1
"449",0.123739681305925,0.467496581483672,1
"450",0.15163923069793,0.598898995510299,1
"451",9.60149691857812,5.57713698389805,1
"452",2.55247666798039,4.53562576874063,1
"453",4.26188108030851,3.16682347804212,1
"454",2.71468066860494,3.58967485433439,1
"455",1.38876253001939,1.00636782929396,1
"456",0.19891981580534,0.248001052542832,1
"457",1.38122161529968,4.63802248874245,1
"458",2.32895790134544,1.96329805614802,1
"459",6.60333326218776,3.17382497335381,1
"460",5.94690164617364,1.15331064052391,1
"461",0.294767123608493,0.515076967698425,1
"462",1.02789028299159,1.81625644666347,1
"463",2.06430201281353,1.80948383826626,1
"464",0.104650989348874,1.77267158786796,1
"465",0.198925814749676,1.12215694917913,1
"466",3.23648075532777,1.58720903461909,1
"467",1.52910033722014,1.9393446137868,1
"468",9.61261283426559,4.9695932385673,1
"469",1.17470105694561,2.15805133714455,1
"470",0.650568582027261,0.542037379768136,1
"471",1.20638915413186,1.03374770360656,1
"472",0.21653739787735,0.21675981637756,1
"473",0.885444734319434,0.340536973957067,1
"474",0.960124619544716,1.24942120880463,1
"475",0.0143575221879109,0.086003549034965,1
"476",0.0111886275926423,0.112162020345984,1
"477",7.67089984178774,5.0603713725725,0
"478",1.30639763894899,0.701886641429484,1
"479",0.0832145533218447,0.0817432184476284,1
"480",1.19233512679495,1.48690679481001,1
"481",0.0385343608936054,3.62754701439006,0
"482",4.10807277262629,2.49254231219551,1
"483",1.5230481703823,3.26054594224416,1
"484",0.0413003061622506,1.63387877076201,1
"485",0.0305486172648085,0.565619521509509,1
"486",10.620501564802,4.72921414224299,1
"487",0.0189857848290156,0.908606785479079,1
"488",0.97872742514037,1.20953899726611,1
"489",2.38200161755628,3.72407302678588,0
"490",0.513281133008076,1.36473603385877,1
"491",0.386854916703523,3.10759823703022,1
"492",0.560738753196038,0.338823235469494,1
"493",0.25593230105108,0.572079523519194,1
"494",0.503433456649682,1.37463739727494,1
"495",1.02740542673694,0.284328771871319,1
"496",0.17132067377469,0.860148146368839,1
"497",2.09252756942029,3.71354944052366,1
"498",3.82538089107944,2.81354264343209,1
"499",4.88033734792751,4.32967480578796,1
"500",0.352840459995615,1.65457252394432,1
"501",0.228038565680547,0.460153582322258,1
"502",0.506572113695364,0.815002374584591,1
"503",0.566866975069933,0.46179087114043,1
"504",0.150500721970933,2.71974270190652,1
"505",0.237794135922624,0.855694265179572,1
"506",0.340033965393334,2.44814104460789,1
"507",4.27792944085523,1.23479306546004,1
"508",0.0136067787618608,0.272604184941793,1
"509",2.14732758591143,1.85695413875465,1
"510",0.766559519462316,3.20281959305937,1
"511",1.17939988557997,1.37059336367533,1
"512",0.0440912990319152,0.144399836059234,1
"513",6.73608244502789,4.01219562567123,1
"514",0.761602021844836,2.6537543680029,1
"515",0.636990064498178,0.98219508119745,1
"516",1.61752249010791,1.34890093296945,1
"517",1.00094058269027,1.17131995150919,1
"518",1.65030221929065,2.3014654032078,1
"519",1.42527224847157,0.933382966676959,1
"520",0.332167641193547,1.09160122755557,1
"521",1.91127553197126,2.73429553579058,0
"522",0.119360600745984,1.28301721454801,1
"523",0.621278893460098,0.611685376752536,1
"524",0.551968011647809,1.1205352750407,1
"525",5.29859119569843,1.27436963907298,1
"526",1.36664543132377,2.04339152554843,1
"527",6.32408718760539,5.90112098040347,1
"528",0.367608793451246,0.201948814867549,1
"529",0.322480506885131,1.48310137615226,1
"530",1.3441283177227,1.39582253694753,1
"531",3.74269728577344,3.47196976091872,0
"532",1.48516906832858,1.65478701721095,1
"533",0.327214402352326,0.673533587225267,1
"534",0.495756747809279,0.712260782159552,1
"535",2.336876374314,3.61079516813118,1
"536",5.34691035423369,4.3112594422541,1
"537",1.3372365891323,1.63447924061697,1
"538",2.99555114070062,1.86172787893324,1
"539",1.28257655531121,1.55449538380973,1
"540",0.601594421409921,2.66093486639857,1
"541",1.36733114336662,0.807030108257776,1
"542",2.48144996579786,1.80099146026442,1
"543",0.083898780251139,0.985833613520269,1
"544",0.124347330221286,1.05918255845752,1
"545",0.878339752208449,1.64593035449289,1
"546",1.45585408575211,3.29178021395596,1
"547",1.04057081493866,0.885533715429187,0
"548",6.96168646373816,3.55391116152288,1
"549",0.0713089366144232,0.149788241119587,1
"550",0.240267524089276,0.671071045894689,1
"551",0.518379634805637,1.98127657730875,1
"552",0.227908184788471,0.523916298250176,1
"553",0.102477374827429,0.394596208505117,1
"554",2.14613756149417,2.13326765351124,1
"555",1.02385829229895,5.49274378236944,0
"556",0.149270391506635,0.185567079943457,1
"557",0.114178107286385,2.66347171231737,1
"558",0.122948786679465,0.294943410657933,1
"559",0.362207770714383,0.360804606594264,1
"560",8.00157927829061,1.66582617568688,0
"561",0.591838672240229,0.498666788888139,1
"562",5.16878035420137,4.49014593754119,0
"563",0.126524447165808,0.939328185320809,1
"564",7.58366605283354,4.2808020674609,1
"565",0.099652330520676,0.590995645733081,1
"566",0.0021694846869254,0.308389648399477,1
"567",5.18964472205091,3.43188125292225,1
"568",1.59115890074074,2.85229807406038,1
"569",0.479488926797124,1.07055125685665,1
"570",2.21299878220066,1.90219185989457,1
"571",0.612250529166198,4.74711683208507,1
"572",0.34055776988471,0.445439298924565,1
"573",0.551335891897668,0.491379959260246,1
"574",0.701208170273268,0.766785971886962,1
"575",0.285067546324557,0.131703488818475,1
"576",14.1137093118678,5.03897976147793,0
"577",1.17734862465631,1.95708519282509,1
"578",6.24006413460193,2.39884970021224,1
"579",0.838755270636781,0.690549322169202,1
"580",0.775604431656906,0.857681727453084,1
"581",0.641655723704339,0.529256167232227,1
"582",0.88437626780776,2.43098890538915,1
"583",0.450645345869506,0.169662558496661,1
"584",0.689130635687403,3.03824866261676,1
"585",0.402740770399053,0.461535543980533,1
"586",0.718723538202148,1.59088362549689,1
"587",0.854840633018027,0.538831355720213,1
"588",0.112665063044849,0.534124620825845,1
"589",0.0201885679555796,3.32648506503569,0
"590",0.304928647627976,0.987880679900909,1
"591",0.0098558481062845,0.0392104752507507,1
"592",2.66760144950429,1.44184253602774,1
"593",0.0067328716064588,1.16909048445682,1
"594",0.0651393377532564,0.307757150325527,1
"595",3.93696875918706,2.87524369446159,1
"596",1.17187229401899,1.0071628085938,1
"597",1.33807639690378,0.974546686487134,1
"598",1.49575112882427,0.521270560149678,1
"599",0.0121346717486548,0.0370498494691908,1
"600",4.44292030811195,5.24843658958728,0
"601",2.65658557881555,1.55866148033288,1
"602",1.82399262905217,1.82494312887285,1
"603",1.12300359840017,0.75962147952634,1
"604",0.203431400957843,0.479033166523574,1
"605",0.0216481697570174,0.103031173471969,1
"606",0.42426557758396,1.36345111714736,1
"607",0.963482054370821,2.01718831902764,1
"608",0.414522157488042,0.646071719473059,1
"609",0.250030849016482,2.59602945133783,1
"610",0.857992672791523,1.48257253943889,1
"611",0.528126535124985,0.734148605114208,1
"612",3.85523918215495,1.04881560457153,1
"613",0.581561766619181,2.81035984463498,1
"614",0.23661227346194,0.688335326625897,1
"615",1.61036112060793,0.943776471421789,1
"616",0.088096558161735,0.0946324179397379,1
"617",0.470584154397263,1.51288621714722,1
"618",0.24320427908205,0.601376484304735,1
"619",0.37060494219624,1.13093585515543,1
"620",1.68822411785704,1.76900866804481,1
"621",0.190649668318926,0.531966549831584,1
"622",0.870621451423098,3.96469345403882,1
"623",8.87018668040782,4.62123110116527,1
"624",0.459005866904281,1.66601430160388,1
"625",0.191724459676862,0.837086565497013,1
"626",0.418995151881133,2.00041884304215,0
"627",0.204147498494007,2.87547205294708,1
"628",1.51133489680287,1.22692555675317,1
"629",0.28997174834316,0.655983320450369,1
"630",0.335396990819955,3.70520266454738,0
"631",0.0498586780281048,0.0500058654179849,1
"632",0.0188310357461838,0.402666065801772,1
"633",0.0258205425888445,0.225239637122144,1
"634",1.57409441958388,2.80937160855888,1
"635",1.3501851320986,0.738916581416204,1
"636",1.23905302572111,0.421442286669092,1
"637",4.13375851868241,3.24800122843934,1
"638",2.05237704068768,3.61332765729706,0
"639",1.250774724946,0.491577175482713,1
"640",0.616032488667919,1.70986332475987,1
"641",0.0278219677966162,0.228981544929178,1
"642",0.548579465230418,0.962180912634826,1
"643",0.367224567640211,2.37751810841665,1
"644",0.25195533605989,2.44202539517836,1
"645",1.10804942180687,2.41734874954829,1
"646",0.00495939087060073,0.785351148684118,1
"647",0.0251459339873804,0.0751981399581578,1
"648",0.0715128353292219,0.267101352746751,1
"649",7.7003664088318,3.75512140806121,1
"650",1.25501862161403,1.42891217759314,1
"651",0.000918372003265301,0.0421860441090732,1
"652",0.937104587796164,1.08282641127487,1
"653",0.349618329197557,5.02673662645193,1
"654",0.626808634560891,0.893689600166861,1
"655",0.645784869959002,0.559609615721126,1
"656",0.124355234757662,0.140955849841257,1
"657",0.515076804382127,0.559415037674886,0
"658",1.66589645426598,2.0198777601789,0
"659",1.46814524578755,4.04090190302648,1
"660",0.026767159705624,0.0686467083146316,1
"661",3.54927945210299,4.60991884325357,1
"662",0.536725296112054,1.94788734602136,0
"663",6.296969912718,4.84573285444005,0
"664",0.312603631116308,0.118753541084527,1
"665",0.0360342249225695,0.244332345104313,1
"666",0.936600334443112,0.929630844122764,1
"667",0.891046220163904,3.40672645137327,1
"668",2.94204191091048,3.0304354451308,1
"669",1.52605244135715,2.80737186709419,1
"670",0.568061755677228,1.4242234692926,1
"671",0.0367395288416511,0.755011952015802,1
"672",3.72030870453639,1.54285004538599,1
"673",0.347675536246519,1.35670548561156,1
"674",0.0292583558391238,0.54866396281029,1
"675",0.361215015034992,2.15703827315118,1
"676",0.400808979375873,0.54602179217638,1
"677",0.798567748433005,1.00167962582538,1
"678",0.0921141887825984,0.533494399716771,1
"679",0.328368588034141,0.721371450235066,1
"680",1.31532288914532,1.95449880150569,1
"681",0.0706034984985238,2.02832853886508,1
"682",6.35912442276512,2.69951665413121,1
"683",5.77516599369462,0.810438766738492,1
"684",0.729066101136555,1.03701848466062,1
"685",0.0948926930195116,0.458261382981599,1
"686",0.474358708627128,0.835841519865024,1
"687",0.270484589642816,0.496370416075963,1
"688",0.0101077374489324,0.024470809882094,1
"689",0.112737796550821,0.184926720356255,1
"690",1.12094927904422,0.426173723606377,1
"691",4.6901894591494,3.14257829064273,1
"692",0.0997248940611915,0.10092348354823,1
"693",0.318674151832571,0.252270159815569,1
"694",3.18251798934482,1.40819422287644,0
"695",0.569236782694054,0.496770001174939,1
"696",0.913737308324981,4.4369630493259,1
"697",0.0329594254051481,0.440484489681126,1
"698",0.318730610619144,1.14469209877078,1
"699",3.19350941259946,1.80797751677248,1
"700",0.208742772435451,0.578926589171827,1
"701",0.21078400653343,0.628396293343887,1
"702",0.945779607721431,0.498987856128794,1
"703",0.00415283022373955,0.00755584571557951,1
"704",0.229047544584395,3.17652563497508,1
"705",1.32487246202341,0.839179318337363,1
"706",0.214124194401259,0.336873090137052,1
"707",0.374679863405526,1.52716328087542,1
"708",1.38529355964573,1.32569512122713,1
"709",1.37284906768072,2.08483476109209,1
"710",0.338044407038198,3.1249642870029,1
"711",0.230593937449331,0.345523192569271,0
"712",1.82431524136034,1.46991315672363,1
"713",0.570627606536445,0.295387076183369,1
"714",4.74509180834308,2.32133803059822,0
"715",1.28401688676164,2.35554349580881,1
"716",0.213026770959555,1.18416610416496,1
"717",0.420062328564086,1.28738481816965,1
"718",0.966335098001038,0.391513385014337,1
"719",6.49210640629743,4.72076647257135,1
"720",0.217018874062146,1.68642852364741,0
"721",1.18653855563556,1.17535020855049,1
"722",0.241283401635023,0.613843224203121,1
"723",0.22701515304061,0.911270808967469,1
"724",0.360545463074382,0.250542410479453,1
"725",0.00183049756596883,1.37366595943716,1
"726",0.0589693258951281,0.0510994608359996,1
"727",0.0178603065581836,0.184129056865529,1
"728",0.235267754309569,0.342020447211705,1
"729",0.0895286229392048,0.306222294073501,1
"730",0.930563238225988,1.76849738070562,1
"731",8.62704199753226,7.19231921694729,0
"732",0.198864958806034,0.158756408029377,1
"733",0.578242042588401,0.520759013984746,1
"734",1.21495004587124,4.28665066260844,0
"735",0.077992985521597,0.406335678991851,1
"736",1.0404701889969,1.91297950942696,1
"737",6.38409304609221,4.5265105683824,0
"738",0.960705809360841,1.27173638867961,1
"739",2.29720184202324,1.19611388215446,1
"740",0.321769731943553,2.62154940807093,0
"741",3.19525843418607,1.61542442049934,1
"742",0.369614393284265,0.849158582155235,1
"743",1.88260544075805,1.7291357755022,1
"744",9.45643320536325,5.33710424697523,1
"745",0.286352281353619,0.903686531069788,1
"746",0.604249500546572,0.231206169257124,1
"747",0.130657834497645,0.262163013107165,1
"748",0.728030209329085,0.746706127105377,1
"749",3.52057397920305,7.26110506918832,1
"750",1.1895710397133,2.2196233186599,1
"751",0.333843312052676,0.612999989907899,1
"752",2.40558748942393,1.88127079254608,1
"753",0.0728397869602342,1.7484858459884,1
"754",0.084793443950921,0.332290367294726,1
"755",1.287724978875,1.99859215702489,1
"756",4.6702596939565,2.77927479090806,1
"757",0.816409930672979,2.16036953262098,1
"758",1.64951978523088,2.01458563807679,1
"759",0.0625493933899,0.329360288772872,1
"760",0.16065123583378,0.8011407395896,1
"761",0.119714104677829,0.342196008568626,1
"762",0.0201268208782041,0.119498985848105,1
"763",1.9302965242542,1.33458964497006,1
"764",2.04824047954297,0.561433608979162,1
"765",0.307792784570727,2.24234475951697,0
"766",0.453339135049159,0.277547128279419,1
"767",0.424759422709772,2.71920877755785,0
"768",0.0643247422332678,2.60455192153489,1
"769",6.03595590637554,2.42630341426592,1
"770",1.3905849213554,2.53745620919076,1
"771",0.245629524784618,0.365543685671269,1
"772",0.197876229053398,0.68559436986743,1
"773",4.04576571167618,3.80709419856831,1
"774",1.59295179165727,0.719151132097099,1
"775",0.0342201135818425,0.0557601085353527,1
"776",10.203065372232,6.89815753123858,0
"777",4.31539476222034,2.78440114919599,0
"778",9.32093583149739,1.48903430354955,1
"779",0.863871293850231,1.81646210038419,1
"780",0.00852184926178368,1.1397549988222,1
"781",7.45381457361137,2.44336306093161,1
"782",1.01451768082945,0.998931825353587,0
"783",0.732473637880925,2.32521681416152,1
"784",0.125189419949963,0.356361133235095,1
"785",0.176883489728447,0.770753944499471,1
"786",1.68038051866779,2.27773083626627,1
"787",6.14057394467273,3.48089761805204,1
"788",0.709334256692701,0.481615804861958,1
"789",0.0490149859707305,0.237202311777904,1
"790",1.3596711580415,1.25401062679158,1
"791",8.42150142055659,3.41611432970031,1
"792",0.693294227301915,0.314014917964671,1
"793",0.1096296926062,4.19764214774911,0
"794",0.101084271817007,0.376321368366762,1
"795",2.95606882777614,1.83582636361756,1
"796",1.17694613373054,1.95705185617945,1
"797",0.263429602518966,1.72383051616259,1
"798",1.17310725183054,1.07369550146201,1
"799",2.23936228734332,2.58094667704684,0
"800",0.771433017735851,0.37586619965977,1
"801",0.375415361869378,0.238815196491264,1
"802",0.0924834688102759,0.537975331497951,1
"803",2.81924208635985,1.19278594800625,0
"804",1.88778337007067,6.2465670147565,1
"805",0.893777272281192,3.77663509989246,1
"806",2.23311221888383,2.00144050887396,1
"807",1.48580228851263,1.95529577080593,1
"808",1.17980675978875,1.69346301329692,1
"809",1.27140941028738,1.75665214361222,1
"810",0.0555713252930691,0.189157243378517,1
"811",0.551967057557204,0.283197163087573,0
"812",2.18830070850541,0.457722090656354,1
"813",0.915998934650528,2.23261767769271,1
"814",3.0053910720597,1.13841598991531,1
"815",0.0879151315503394,0.751149160830529,1
"816",1.11480757654901,1.13459026696111,1
"817",2.35107565960277,0.981265395570892,1
"818",2.30007822280449,3.98336367613796,1
"819",0.226001577247292,0.941253165925419,1
"820",2.32134734799336,1.05994648650084,1
"821",0.10779417197136,0.225384186393465,1
"822",5.1905284910325,2.05289706001357,1
"823",1.21718005169212,1.56493054766193,1
"824",1.61695758508808,0.47173138943273,1
"825",0.968164439633794,2.06888012172723,1
"826",1.83995836645979,2.19154809400765,1
"827",0.0505139393767072,0.189480828607177,1
"828",0.304800942602791,0.582474984507122,1
"829",0.571729027846747,0.808825248095246,1
"830",0.210583266858354,0.964106038150163,1
"831",0.0671698236158679,0.805906185666767,1
"832",0.404708261583729,0.857098564839341,1
"833",0.165459513963705,0.0825118999779782,1
"834",0.201242927494457,0.339326207728182,1
"835",0.882031696380604,1.36990296158256,1
"836",2.33407412372729,2.34323307675813,1
"837",0.0574697798173186,0.0719410885515494,1
"838",0.331684615865255,1.62353566452792,1
"839",2.09677374730809,4.05394417216544,1
"840",0.099972047434605,0.31546502156497,1
"841",0.0141437710599038,1.06259579101268,1
"842",0.541609269937027,0.372254363165356,1
"843",0.748390119656265,1.22602726780588,1
"844",1.04732297589956,2.32574446856638,1
"845",2.25628137894605,3.84220292716337,1
"846",0.089142027440501,0.519033008504179,1
"847",0.717826942173173,0.873838797373217,1
"848",0.0729696830770802,0.42359811255049,1
"849",1.2879584167697,2.48243379216001,1
"850",0.0361726111358884,0.136056426995835,1
"851",0.00121374851726661,0.0178384072276499,1
"852",2.50615012006492,3.24981259884991,1
"853",5.43048764974773,4.46015678755015,0
"854",0.0629751809246152,0.657989832712009,1
"855",4.93413108141125,6.2638444063364,0
"856",0.550676656318887,1.39646460642823,1
"857",0.2434070191074,0.81776567937891,1
"858",3.62119468967863,2.11548241852903,1
"859",1.17465415301251,1.69292649601525,1
"860",0.00092123388485754,0.0915475607120423,1
"861",0.239161063147771,3.92856339872613,1
"862",2.3966724986429,1.13245845601541,1
"863",0.567573207620698,0.165001747541181,1
"864",3.55300848751182,0.989147331185486,1
"865",1.70707560289001,1.31389628121191,1
"866",6.43570880218393,4.0308402813083,1
"867",0.117573997814559,0.213400049997108,1
"868",0.216908932846242,0.894787760541822,1
"869",0.586585491925327,2.4303987856819,0
"870",2.25548784906866,2.75984311035084,1
"871",0.0565134252069206,1.32456955839437,1
"872",0.70626972296015,2.42401144330973,1
"873",2.31821150658342,1.01785552932432,1
"874",0.616435083368269,0.552097242441304,1
"875",11.2470714745358,2.80724952655725,1
"876",1.55662291641324,5.72926652034918,1
"877",2.06416808952897,5.00215387394879,1
"878",0.0877676809001673,0.0659705400824211,1
"879",4.50356334755237,2.42613989328509,0
"880",1.16811682087626,1.11581085175608,1
"881",1.29678665777571,1.30889727234057,1
"882",0.0105916145855394,0.135572759980518,1
"883",4.26699661830109,2.55854717059147,1
"884",0.368054061161027,0.635819146266078,1
"885",0.792770941040399,2.62727083269874,0
"886",4.8224963213254,3.16033505835037,1
"887",0.935994582397239,1.24960836971326,1
"888",0.191951574963675,0.139466621638495,1
"889",2.54415968766691,1.85920480362799,0
"890",0.151306249169631,0.568195729003408,1
"891",0.116711461274446,0.215382427740294,1
"892",0.0261682781855945,3.8366832655428,0
"893",0.156565475529099,0.900284901756569,1
"894",1.55405344968287,1.24351711458776,1
"895",0.149497216800338,3.32124213933782,0
"896",0.380898163302931,0.456143126665972,1
"897",1.18304544516234,1.6359340160762,1
"898",0.135555741050049,1.18766147411276,1
"899",1.51364575729499,1.42304523860375,1
"900",2.22015707589693,2.12329679597702,1
"901",0.972280869782372,0.897883079440186,1
"902",0.192491389940494,0.525136091065145,1
"903",0.0560395393970016,1.93206557018766,1
"904",3.82919775936513,5.50098121543969,0
"905",2.97812960882398,1.25624387178904,1
"906",0.0653731149584885,0.0186464233062772,1
"907",2.51925585012641,4.06226742944558,0
"908",1.13562451014427,0.491873191025437,1
"909",0.186837525633431,0.371288122707711,1
"910",0.392195180508054,1.80639015207174,1
"911",4.02443098950678,7.41177680896998,0
"912",0.360405672218935,0.314844457716621,1
"913",1.34523435517322,2.47419667825953,1
"914",0.0751075121158183,0.531976863424207,1
"915",0.190000961653479,0.974306310646179,1
"916",0.554983219446521,3.26525733052577,1
"917",0.00317457761524707,2.96340717793241,1
"918",0.218919675644804,0.293968979612013,1
"919",0.0140639370089539,0.774082791765806,1
"920",0.746498628951207,4.94803061489338,1
"921",0.0237094099687686,0.0316698896570983,1
"922",0.0729617696716499,1.81301848926184,1
"923",0.0502218542241291,0.139278967666757,1
"924",1.65188604985498,2.03018487587211,1
"925",2.33808955237589,1.65554475120566,1
"926",8.7618168469149,3.66236911163167,1
"927",1.46866832929861,1.4607461428824,1
"928",2.527061214827,1.99761398050784,1
"929",0.212798768977528,1.41355435648976,0
"930",0.0355545407295873,0.496075762352004,1
"931",0.757890628881841,1.47964388419481,1
"932",1.28649555554003,0.686666254744568,1
"933",1.22859282004654,1.64716642612101,0
"934",0.186396551962803,0.235372330295655,1
"935",2.49513233446349,2.25465621397944,1
"936",0.426144842207573,0.176144018523686,1
"937",0.000618094227567921,0.666668972212271,1
"938",0.83199407919587,1.31322982043213,1
"939",0.00841483029689297,0.0372408314426157,1
"940",0.00156546654620659,0.0942343896177072,1
"941",1.66746861776285,5.20802710169082,1
"942",1.13926990733562,0.507076378829112,1
"943",0.0419102876355047,0.679473076272391,1
"944",3.41615753632255,1.04705865496528,1
"945",1.50338128922467,1.82147772704388,1
"946",3.06428165884411,3.12412286168235,1
"947",0.969124388167735,0.624048161866136,1
"948",0.105368273365717,1.4900166504781,1
"949",0.389677975423948,0.999163320492911,1
"950",0.571395845532742,1.10380092172078,1
"951",0.602797947326662,1.76206683166062,0
"952",0.733586746405319,1.33529035316793,1
"953",1.29497122351077,1.03372908277087,1
"954",1.07977545903898,1.45232599220039,1
"955",0.379481669617049,2.78954056129726,1
"956",0.204171763328656,0.553890175776029,1
"957",2.17401050123373,1.50827285902659,1
"958",1.23256814459824,1.90820613528536,1
"959",0.687157145486778,0.584418221753582,1
"960",5.12543436745277,5.6962154108914,0
"961",0.0941421736753099,0.186268848168484,1
"962",0.0102516317072064,5.93166310803693,1
"963",1.29405040574434,1.13052322368973,1
"964",3.00951597006393,3.93765939038007,0
"965",0.0825054102493533,0.059604624097737,1
"966",1.0548696181516,1.98277713159794,1
"967",1.47966357255408,0.501687698245401,1
"968",0.16322110492619,0.199774664324023,1
"969",0.634348798757829,0.559571995669531,1
"970",0.158066687388522,1.38773235709021,1
"971",0.0146988544749097,3.76110494129986,0
"972",0.0378914031673003,0.277152932452852,1
"973",1.41871731662921,0.6535522942087,1
"974",0.363947429273961,0.903935375989284,1
"975",0.146649416404258,0.334242964708994,1
"976",0.21096002126141,1.22216335339528,1
"977",1.16460311137643,1.28533567894806,1
"978",0.243065648116653,0.323899075447084,1
"979",1.05269430245689,0.680093543444882,0
"980",1.8498967635063,3.57855917992885,1
"981",2.91510843707064,1.40399537212413,1
"982",0.521524669141179,1.38245675860277,1
"983",0.352440650680396,0.772272667315266,1
"984",0.227146875009811,0.103460415417092,1
"985",0.662954267999557,4.35201943642343,1
"986",1.05177311122555,0.585697185828434,1
"987",0.444430504853834,1.70073781573497,0
"988",1.33036700182929,5.1046743553991,1
"989",0.642873365928409,0.799027237038338,1
"990",5.63841553840189,5.27931208371956,0
"991",0.424034461410394,0.351891508967301,1
"992",0.0431537346168554,0.654065186304008,1
"993",0.172506294549244,2.03805968440178,1
"994",1.09828123875201,0.593000474574335,1
"995",0.654003473180066,0.2329030582051,1
"996",2.27663165966408,1.88578956381856,1
"997",4.18254723756438,2.35153254798865,1
"998",0.261778916319802,0.800957146000511,1
"999",0.824546999736655,1.97734072278867,1
"1000",0.0618373538703586,0.923404521869301,1
