"","T","expected_time"
"1",0.292960997494308,1.32738639124069
"2",0.0207511466374327,0.0133038607879464
"3",0.251878218121039,0.517821309921321
"4",4.81666257266684,3.60796912486533
"5",0.00226448638908015,0.00140727508248317
"6",6.14473002003502,4.11696631953263
"7",0.249710335198371,0.094404858066345
"8",1.25244655579479,1.26356664345164
"9",0.239465756952684,0.168884199732827
"10",0.0072611112744982,0.0125795961542419
"11",0.0164660105373791,0.11664435260681
"12",0.0249860363710276,0.0489771775834207
"13",0.732191546255046,3.07559629370487
"14",2.82770121918307,1.96499181963479
"15",1.25963319561314,4.79158334171458
"16",0.201318048807832,0.177083343396829
"17",0.0712992692771832,0.0428468205809523
"18",1.77731974755444,0.91570764530188
"19",0.440423356067099,1.44145871144123
"20",5.4998219970255,5.01844292456979
"21",0.216183483956927,3.59164885712797
"22",0.0175833698827096,0.0235650690135033
"23",0.237649932411421,0.125416631178372
"24",0.00189953672054874,0.00420546463881917
"25",0.0741571931051087,0.0629020334947777
"26",0.014547407298507,0.0594261230184105
"27",0.732619751653587,0.855429478741973
"28",0.0567244839038986,0.345831650391777
"29",4.50054269528706,2.37619299647128
"30",9.58069093054437,8.16124249794475
"31",0.00171724073755115,0.00286409339060978
"32",0.0156513586163694,0.0138797604448942
"33",0.136161842674213,0.076257097909382
"34",0.000477101919112295,0.0015273850848819
"35",0.0534738139074229,0.149837285470397
"36",0.0865326277812787,2.59835876550999
"37",129.883570816541,8.37877650828627
"38",0.0756518716994638,0.154240268986596
"39",0.972850986950676,0.44869301887638
"40",0.0150386121969729,0.131183854251841
"41",0.062671724223078,0.398554122770414
"42",0.0137836840702908,0.0479063960307275
"43",0.054678476222071,0.135263595099174
"44",0.0363046104846273,0.149582744373502
"45",0.366756627199969,2.72255715311989
"46",0.0149481297224878,0.0316747285817955
"47",0.170149874795717,0.153991084142493
"48",0.00170756736784664,0.00390961043823102
"49",0.200912303594603,0.171257028295424
"50",1.00726263201871,1.08038798028365
"51",1.02455763658074,1.77307992552504
"52",0.000190964541327994,0.000217468262796519
"53",1.94664841995924,1.99675454158471
"54",0.0455010531213311,0.0417659631408999
"55",13.3563064139281,6.0471196781718
"56",47.6748320264722,8.28338377908964
"57",0.00374410681702172,0.00359955972631821
"58",0.927893254040404,1.00783862366822
"59",1.39002227325843,1.59423718776957
"60",0.00210171770748808,0.00418120464908287
"61",0.208610890753793,0.122072517263721
"62",2.31302792850754,3.17277810081672
"63",0.0265669307385748,0.190437725736509
"64",0.00127337358495369,0.00602946596974357
"65",0.0993053450836316,0.100954059407618
"66",0.000101044399860029,0.174026461238873
"67",0.00184711757766478,0.0021945809231223
"68",0.000443316315717829,0.000263992160855814
"69",0.00109998643177677,0.0160918196205955
"70",0.446148313117767,0.192293911334425
"71",6.1649239515052,2.04180483213688
"72",0.000135904692377075,0.000137114127174793
"73",0.00288536743934735,0.0482703276105445
"74",0.354376001188014,0.163897516654733
"75",2.54635487077936,1.11805186750899
"76",0.104768237713899,0.239414384187031
"77",0.00631048594532545,0.00952794335671163
"78",1.47119547751286,0.582172681160479
"79",0.640828080479243,0.894674926217993
"80",0.749318585672416,1.82387193090417
"81",29.1205120365905,7.10926964072109
"82",2.13428109271984,3.89377677761189
"83",0.0491444224073077,0.105673483348018
"84",0.00174084874524981,0.00164948676329462
"85",0.00118404176528629,0.0358610717795516
"86",0.000617266085732541,0.126352509982727
"87",7.17651089937173,2.4504018400939
"88",0.0340365374262341,0.027101459331055
"89",10.3288780645671,2.05576878812856
"90",0.38916411159457,0.37106489217118
"91",4.63506878229895,6.65164700399485
"92",0.0593526313076896,0.241503743594395
"93",0.380093688189082,0.622204348796607
"94",0.534621948703081,0.265764351440855
"95",0.000248206186786224,0.00276872267126044
"96",0.0115285214713025,0.126211181722607
"97",0.0125051925478736,0.00328020414022775
"98",56.7750873475607,6.42335209407095
"99",0.348688261168974,0.160593159128734
"100",3.18817690151747,0.951865871712062
"101",0.0367159822987887,0.0753047915045206
"102",0.127230104401671,3.34900473637301
"103",0.000457026973333311,0.000126816160792856
"104",0.112982719188869,0.467174692225286
"105",40.9732603431987,5.61692686832641
"106",2.36585625334091,3.59956025525887
"107",0.0155323217862416,0.0370122493715634
"108",0.338550159827354,0.384006004676118
"109",32.7628454308496,7.24542482841082
"110",0.00467707702231307,0.0156252796446013
"111",0.446576769056663,0.352390301647884
"112",0.0603521637687168,0.105124133679029
"113",27.0514849578166,8.25992825650006
"114",0.297571133102997,0.679389194792531
"115",20.9736991574104,5.09656402800993
"116",0.0050990902268532,0.00439776015327971
"117",0.000120297620074133,0.000213342644526729
"118",0.329533181693332,0.22011980457888
"119",8.64911254430296,6.68382162196656
"120",0.00271350827885937,0.00163826814606341
"121",0.343494117486695,0.0647189659338786
"122",0.0206068593864169,0.0127345574811675
"123",22.8895957256253,6.93016353805933
"124",0.30446628164831,0.151574459534291
"125",0.00157640575662908,0.0456132679418223
"126",0.52366511969956,0.413316099547475
"127",3.91318242836124,5.52149513663136
"128",0.000752425139997426,0.000436551224497506
"129",0.109873357375473,0.447449280194518
"130",0.35540158085239,0.175758495177165
"131",0.00582053292892608,0.0156554840820057
"132",6.08976828831505,2.93935397055096
"133",0.598401481144821,0.365808261900751
"134",0.00226115821610527,0.0167167030110271
"135",0.207089169849648,1.50454810971004
"136",4.95483327717556,1.60066855675627
"137",0.0923310301012387,0.426071475787655
"138",0.000993451833171907,0.0202043217632573
"139",0.0379710577144033,0.0946553256643104
"140",0.10998861681681,0.197102299036647
"141",0.0236396586772293,0.0203092082721015
"142",1.27199564843497,1.82929545794224
"143",0.0635046086693146,0.0365720852098025
"144",0.0121831829468936,0.240640639689764
"145",0.28207687434635,0.646133144160755
"146",1.09242077509434,0.865700121695509
"147",0.00203750301848055,0.00466379236041559
"148",1.37060905697178,0.624092179568209
"149",2.19624564785492,0.687413965739277
"150",0.00398657901957633,0.00762153408202134
"151",53.5658268905332,7.64193829022471
"152",0.819758758847066,0.507121411946472
"153",0.0260941276759006,0.145775088109357
"154",0.562595497142122,0.439161689422224
"155",2.1391275968776,1.8844679513098
"156",16.3629355685936,6.9553368538234
"157",0.370643486569171,0.232893275737838
"158",0.605167577178811,0.515772360845793
"159",2.44668942357075e-05,1.98373016554885e-07
"160",0.195236600664389,0.855033528249923
"161",0.00700102690430136,0.00490705132247015
"162",14.3249242132362,6.79296902982603
"163",0.368167348793957,0.489100264303282
"164",14.2081321688986,6.01886610123865
"165",0.033787422254606,0.692370325361106
"166",0.310782283040526,1.30365482664812
"167",0.00744691883120176,0.0612076445172267
"168",0.002056828504642,0.00111685884936273
"169",39.4890227863538,8.25649413864515
"170",0.00196333207417266,0.00208675439963764
"171",0.107997893560486,0.0708411566979544
"172",0.0140819530615494,0.036442246775918
"173",1.76157807113362,4.83525237821039
"174",0.242740618027994,0.446048404489793
"175",0.0482020019511894,0.907630780603467
"176",0.0044981963114941,0.00938016859035483
"177",2.76160164845312,2.81623390319715
"178",0.325757225505872,1.21448745866167
"179",2.13527640107072e-05,0.000270749448757362
"180",6.53329862005947,4.93548982618836
"181",4.67547317222282,2.17166384468091
"182",0.26159190867405,0.823154080861332
"183",0.33069518583467,0.221854051721236
"184",1.68917841786018,3.92748329537586
"185",1.78660476082307,0.697707020465353
"186",0.00281728719589558,0.0192983852744629
"187",0.0400448928350512,0.155426925336608
"188",0.324607734632475,0.112309494080784
"189",0.15104345551306,0.0706380052768524
"190",0.174325612139682,0.313380339871148
"191",0.034124902749161,0.510592129294673
"192",2.33240017933019,5.97161611598654
"193",0.0334846465436022,0.0210344933771679
"194",0.00160283625330899,0.00381366699761291
"195",0.211144005605689,0.163669339335284
"196",0.0550819980421135,0.156882059030717
"197",0.277028189771707,0.0672178290336137
"198",0.110277890622859,0.108396801899074
"199",1.34634587064109,0.438238035916334
"200",1.27999267585194,4.09532478668468
"201",0.0150298874226174,0.00683727691077666
"202",1.12915286875911,0.975677160237864
"203",0.00488627445895949,0.120957193130821
"204",1.75359004081602,4.49716261634563
"205",0.0252964409450822,0.0735680997043869
"206",0.00401058621530289,0.00224712675406933
"207",0.346521745206119,0.279566829106451
"208",0.684147759692848,1.05401147992905
"209",0.279883490603123,1.39855643161375
"210",1.03165151446484,1.38196427860347
"211",0.0788376025063365,0.0273568765941832
"212",9.34553034764186,5.38169174886903
"213",5.47365542357271,1.42831517689569
"214",0.00503272620292896,0.0364897958992353
"215",14.9545214707268,5.71797808907855
"216",0.000190736459529141,0.000295972047735216
"217",0.803069272602403,1.17557174334013
"218",0.0706767562827626,0.769055943637453
"219",0.0492218287532177,0.40761947486667
"220",0.179497882068087,2.3713591653958
"221",0.000210391947940833,0.00105699015998568
"222",32.8319904713422,6.7059629438709
"223",0.0400047270833656,0.0557833209676859
"224",0.00702610942573332,0.0329874098465076
"225",0.0220697920888231,0.018541295315755
"226",9.90824195893003,7.23188260458
"227",0.421108212726598,0.472834039354516
"228",0.147392440210894,0.0719930334148793
"229",0.000681291771174316,0.000792174192718187
"230",0.0198283318002339,0.15420394674931
"231",2.07209074899281,0.77564600670505
"232",0.025515723169458,0.0250829189232511
"233",0.0795491297945107,0.33003959554352
"234",0.0319904886172215,0.0292359157638938
"235",0.832741594092055,2.45340738811158
"236",0.130488051683061,0.345597797959961
"237",12.6433162836004,6.97074952915585
"238",0.0405814755179103,0.0111663719402533
"239",0.692362158538839,0.428057478502453
"240",0.128660481353076,0.30470600998376
"241",0.791984581423674,0.420727215010487
"242",0.0262543397708086,1.05980398661937
"243",0.00909428563311056,0.0143554548024101
"244",0.0509019795265666,0.120794831552582
"245",1.74522885249864e-05,3.30067215039045e-06
"246",0.0110946918908895,0.0237608820916996
"247",5.68918462615415,6.1842356094846
"248",1.96379621923285e-06,5.26559004531422e-06
"249",0.00132184128655594,0.0757564115767928
"250",0.0692104171409327,0.0897030885206627
"251",4.07534831391996,2.79631279021141
"252",0.0741880968000939,0.957465465316992
"253",0.848312147721809,0.38097740332675
"254",0.324650497631454,0.332641359933656
"255",0.0311963528908093,1.23868013254194
"256",0.221848959181665,0.309043570849001
"257",0.00674154182626256,0.115349745141411
"258",0.107840266282522,0.134678478099024
"259",0.0733659711443221,0.584023528440467
"260",0.624160105953638,0.806015360476148
"261",0.048200931220319,5.79140468038108
"262",0.164118337489863,0.0630623754876627
"263",3.50012012282129,4.53822440090326
"264",0.0302374346556832,0.109831795738278
"265",1.35060230928343,1.04617893110881
"266",19.3300246517034,6.72518375137746
"267",50.04286857629,7.80980392175396
"268",0.378976568730767,0.820667103027569
"269",0.0499865496623324,0.0195416494366847
"270",1.77010539646074,0.885706514888364
"271",0.0735579893480649,0.0385324983232815
"272",2.13247708320046,2.76893263081793
"273",0.074740285443178,1.99200794370361
"274",0.0148861461642703,0.069540704932048
"275",0.155541677951916,0.181084517611146
"276",5.36590923435598,1.68589749629208
"277",0.0285942999725157,0.227175480996393
"278",0.307483634203534,0.181584220264078
"279",1.75119844307233e-05,3.15259119596045e-05
"280",0.00226056703225056,0.00548525079291736
"281",27.0845712100727,6.04566896391041
"282",0.661295542862734,0.810627374875576
"283",1.35685611961978,1.72205338614897
"284",13.2845630173323,4.48025003972248
"285",0.00552399227283457,0.00241003883578958
"286",0.279403970020789,0.0696211123253264
"287",0.0219972257306064,0.0104577953792645
"288",0.000182371695642079,0.000158648825067279
"289",2.7957332584979,1.25723692699829
"290",0.0277501578281065,0.0795344044632436
"291",0.0122518950202367,0.00691231368403904
"292",0.0543645615041202,0.0139333139474996
"293",0.0736882806160194,0.0875371964670659
"294",4.18303804736366,3.0333377255191
"295",0.0541849397239904,0.0663555671179953
"296",0.087995132051275,0.542444255332735
"297",0.673691677706867,1.1769254218519
"298",0.539264800719005,1.07763543100731
"299",0.300841167832992,0.991518494803825
"300",1.4568552500136,5.4317603176419
"301",0.655052451859655,0.535414257347854
"302",0.776618460406741,0.582716517114566
"303",0.244261113966719,1.21920972514729
"304",10.3082968973496,7.60329034189033
"305",0.000135156212559981,0.00022537993203517
"306",0.0049440295642912,0.0265842303455393
"307",0.444380234522532,0.71586935223822
"308",0.0355681357073442,0.0151670626331319
"309",5.71733361243305e-05,2.13703553496761e-05
"310",0.0192004543937274,0.00420332542925372
"311",12.7098278355792,7.47827763807322
"312",0.431826235700712,2.95865071336647
"313",0.334119307089957,0.260157025936813
"314",0.0360563074727277,0.0179569621385275
"315",0.529012352921951,0.47947245188262
"316",0.032116108772651,0.176766318324008
"317",9.50692997728423,8.40330764966635
"318",0.0230944275477012,0.443714181515461
"319",0.00805432631896522,0.299414974149063
"320",0.912939152964114,0.664034232377789
"321",17.1469922762126,7.82844238791403
"322",0.110246423178224,2.76020378059435
"323",0.00420613474568845,0.0164976144155212
"324",2.7191827047357e-05,6.59734424828393e-07
"325",0.132082544048941,0.524790641903703
"326",0.0267166016532912,0.0656065878114462
"327",0.305739723877608,0.690659609501072
"328",0.00662765380425134,0.0431717895567748
"329",0.175040501177414,0.121861064852686
"330",0.0252762999194786,0.138657369814466
"331",0.00140944163668846,0.00462263754541673
"332",5.46699674801023,1.05719880439593
"333",0.606947645040953,0.670242203978536
"334",0.696088960360936,0.237270310755407
"335",0.477943621731278,0.377849310716934
"336",0.0455455336381792,0.0727660543951556
"337",9.27256721903665,3.9095630400094
"338",0.651813941587668,3.37602593828924
"339",1.94969858468708,0.823081814153337
"340",0.00568724597694452,0.0182465637470058
"341",25.3820356922155,8.00621157100992
"342",12.3093820957381,6.15941506278024
"343",0.986104323008958,0.544417723466255
"344",6.66739719307659,3.80455174181666
"345",0.374047641479245,0.163666050586908
"346",8.45058850614142,5.74918210896306
"347",3.27632627450137,3.53945619377269
"348",4.8936049597308e-05,0.0305028436582031
"349",0.000521400144279784,0.0096288815231908
"350",6.1875041030433,4.62346428841212
"351",1.42426074175679,1.81982047816571
"352",1.91698970306992,3.61621438128659
"353",0.994291646632814,0.36585469104335
"354",0.00111247478429681,0.0030651780929459
"355",4.46650548015571,2.02904184559644
"356",1.23093443785136,0.65027458958112
"357",0.0462155127490358,0.0477191511485001
"358",0.0204012057362418,0.104923086042556
"359",4.82291204481444,4.98846154622879
"360",0.179338031329393,1.63186521147938
"361",0.0127433827659299,0.151921150835473
"362",6.49929404842692,6.97982394142553
"363",0.743258546783284,1.17368506379697
"364",4.22790184112752,2.25583468815121
"365",0.000845561722723648,0.00267435086106384
"366",4.38151925001504,1.58300916566254
"367",22.039628154418,5.97629753190539
"368",0.0497390993768838,0.0385653871114948
"369",0.190264860342897,0.417046830638711
"370",0.0779067078585375,0.102535556981652
"371",0.0104036880791687,0.0111451409213251
"372",0.141525689606321,0.163768242085255
"373",0.00171779834431309,0.00271406002881197
"374",0.000176441044367376,3.4597681369083e-05
"375",0.360667873925216,0.190103444307894
"376",21.1202203150247,5.86529128765585
"377",0.130164661968881,0.604438091898481
"378",0.214494742318293,0.428013319171415
"379",0.19152755511532,0.308610088884128
"380",0.0826844694863298,0.0530264361753063
"381",0.0137812182640608,0.218422732551343
"382",0.0343312769421611,0.367141551223822
"383",11.7525117250887,6.19844413282748
"384",0.00449594938121927,0.00310941422065359
"385",0.00989042876377268,0.00953526489580348
"386",0.0069004944755455,0.0764562727997456
"387",511.514551360024,8.66725296850298
"388",0.0105437495319734,0.0238457040397655
"389",1.36641299441783,0.966534632357437
"390",4.92858338591164,3.31410807409679
"391",0.0338331247272824,0.0382649653024541
"392",0.00495372678228814,0.00167070779405991
"393",0.0429369389256947,0.0201412079084347
"394",0.0935181234139102,0.203437610081448
"395",3.77108486564548,1.8814459715568
"396",0.315614822689107,0.318421774878327
"397",0.0105675938379624,0.00683029030799116
"398",0.0250130915315347,0.598582357213377
"399",0.867993019043112,2.63841669961183
"400",0.0572729896225998,0.0316507431563037
"401",472.142550977273,8.63746138493824
"402",0.450575306797383,0.504729845795573
"403",0.0241931302321958,0.0930317947798709
"404",0.00762713338682057,0.0124941568349102
"405",0.000450062994202694,0.000214935836890989
"406",0.0694504903237115,0.0995276352995999
"407",0.229885292811021,0.100612483083348
"408",5.81494365877622,4.29518103968046
"409",0.00518886925279473,0.00243064423306875
"410",0.0356794000049693,0.100726935556828
"411",0.0432606351105684,0.40452449490518
"412",0.879604345765067,1.33859111110207
"413",0.034396173862371,0.032358647611747
"414",0.0494116733304135,0.0264047061047018
"415",0.0149113660175839,0.462963531918973
"416",12.6922346443698,5.34413340716281
"417",10.0165313765791,5.82226476638707
"418",0.332964175431351,2.49792909707343
"419",0.000413032153837408,0.00753518131464716
"420",0.302597816484903,1.7087937440341
"421",0.0660463880553991,0.0811764280004648
"422",0.474910129414783,0.133248193087935
"423",0.408844675199321,0.63616969546368
"424",0.00461545441508253,0.617000044027533
"425",0.143579438536171,0.0941470962040192
"426",19.1138878326174,4.18140877958713
"427",23.1513609957459,4.50058691800267
"428",0.0178550228922812,0.0917593969589845
"429",0.353711459549741,0.263859237673914
"430",4.00256762918545,2.20310411737435
"431",0.868762073811473,2.22488097675381
"432",0.0312176092733358,0.110323376715066
"433",1.1504647841369,1.59881840532242
"434",0.802275371912524,4.806213071128
"435",0.0210247799658459,0.0623911123941409
"436",0.010416443218617,0.0820621188893423
"437",0.00282218304806326,0.0199790109590468
"438",0.11325838189344,0.0868530999865511
"439",0.526336546187387,0.261391395103806
"440",0.113374416090579,0.0465981759618232
"441",0.145331850046975,0.921916951026173
"442",0.000929517682215379,0.00103170516730082
"443",0.00707457950700428,0.0081018074389058
"444",0.00695628728232946,0.00625062885013937
"445",0.277763297624182,0.173047371302787
"446",0.269208115091595,0.267829577716959
"447",0.0143787904784119,0.0273974604917648
"448",0.233010959181433,0.215910923454692
"449",1.86180984529172,4.05252187416809
"450",1.73896230665055,7.87743681809109
"451",0.235342543401785,0.276206358782008
"452",0.252527451503555,0.491933808193248
"453",18.9939801708766,5.65258157568289
"454",2.70586871667506,2.24427164563217
"455",0.0239983862961645,0.00893341235682755
"456",0.0806906252737162,0.152971173164308
"457",0.00941988765302294,0.0133871852076489
"458",0.833313757109966,0.44294915549295
"459",0.0703425800838466,0.185215770240867
"460",0.00787363587157559,0.00717761240111498
"461",0.0139200820631117,0.310897396373711
"462",0.486719634195583,1.20047550690103
"463",4.41808666357068,7.42880084266235
"464",0.433267379269085,0.524930641457389
"465",6.98479594687168,3.73163376607744
"466",0.000778171667966841,0.00215906435682399
"467",0.00402691455760598,0.0311279460316663
"468",0.00179409452748559,0.0590957223457986
"469",0.202797916564905,2.51489161867437
"470",13.1470113767711,8.11537376178918
"471",0.0469820274989796,0.206833168441642
"472",0.185874783532426,0.646187684650724
"473",8.15864159381348,6.56749101138409
"474",26.9747703777998,8.29688503344004
"475",0.00132240313133133,0.0121146196406518
"476",0.017902925808163,0.0218302214089042
"477",0.00106303979584394,0.000166222968463921
"478",0.0615227250132928,0.181315457565297
"479",0.507938759525136,0.843259230973628
"480",1.73540278607279,3.6168738329376
"481",0.120070579482418,0.148340557963458
"482",3.00793108066297,3.00326978168241
"483",0.000327451477566083,7.0147621640748e-05
"484",1.84839892966704,1.5774695738386
"485",0.100380597193578,0.200886551722925
"486",1.48190545973541,0.642365999390131
"487",0.00747882998152288,0.00597482075282812
"488",0.0138644259785559,0.0167730705874251
"489",0.0772306580712984,0.296584126257124
"490",19.2118706722246,4.94200552879875
"491",0.0851552367184657,0.158975430301479
"492",7.21928551754294,7.84584218050606
"493",0.092931715601511,0.0279411460550454
"494",34.4845756861654,5.15846387927644
"495",0.0262834286805267,1.95248386245393
"496",0.117014245940979,1.7291622581324
"497",2.40268759804652,0.41489517567565
"498",0.0173691425487786,0.00812817432603236
"499",0.00614669786090032,0.0092947205919631
"500",0.594999334973225,1.06405120766996
"501",0.201165040023038,1.31172951138071
"502",0.869533225652392,0.383842761925042
"503",10.5801151131766,4.25144868637645
"504",5.44903110366466,7.63207985836888
"505",6.2647464720012,6.7015803388194
"506",0.000845852558334187,0.0610709314591503
"507",0.0309974854065153,0.0417443037320944
"508",1.51692748404813,0.868601403285069
"509",2.79527223332628,5.16447039261251
"510",0.00298155434450577,0.00564232707987534
"511",0.0691881996535102,0.361716881540933
"512",0.304740124761644,0.364636743821698
"513",0.2316778221075,0.487696703328934
"514",0.0183793931177041,0.00530982178892967
"515",0.708873409576677,0.453713805499887
"516",3.19000843048239e-05,0.00955523008206456
"517",0.00784957970462572,0.0192796391990853
"518",3.34692876110268,3.8546261472887
"519",0.270418984550604,0.101827116042378
"520",0.111055376048319,1.70347906441461
"521",0.0267047886944554,1.21514404852013
"522",20.4759886254237,5.54421292109257
"523",0.17393477911716,0.442826471178572
"524",0.386280187058368,0.237963828216305
"525",6.53863051514236,4.46953652165393
"526",0.0252808266848627,0.0277002051695901
"527",0.0144898826208132,0.023808761284164
"528",1.89178871213328,1.25013319844616
"529",0.23801827032366,1.63773469454865
"530",0.0431343503620645,0.147165674635761
"531",0.307309023616433,0.534774188306003
"532",0.119744544329352,0.165329825443876
"533",27.370015170542,5.47002977481241
"534",0.440382882239879,1.04551401384716
"535",3.26471468000139,1.54141683984071
"536",0.887062465145939,2.90979418118811
"537",0.0192193339036059,0.00651943379780577
"538",0.978081045610797,1.24765467838672
"539",2.29372607858937,3.60038914942981
"540",6.99432759027512,2.25696896211568
"541",0.0362031747386894,0.196037077038987
"542",5.78787590134667,7.83870184698231
"543",0.000144482413938796,0.00282991221516378
"544",0.00281132856188702,0.605115159940327
"545",0.0012986085907636,0.00125833600457631
"546",1.72410631147017,0.491856128226426
"547",0.0018027309888531,0.0205821425004732
"548",0.0289443295639739,0.0618213710970886
"549",0.518356796566698,1.25502846806587
"550",2.53003012373012,3.43569740295541
"551",0.406313258337612,0.141601630750044
"552",0.182346640728808,0.28513561632999
"553",0.0515814421212217,0.0563633895414566
"554",0.460863661537742,0.254774493080581
"555",0.322947889230409,0.488679367766642
"556",0.000692289089735685,0.00122929158618441
"557",1.1240986404292,2.29272564791744
"558",1.0966706395863,0.887582003768526
"559",0.0259513199326739,0.0516605478326013
"560",37.552859992952,7.36857605402009
"561",0.996229282966216,1.07798903666037
"562",2.17795961411796,1.30901112676371
"563",1.07847696259424,2.69070062450298
"564",0.000287073016883013,0.000274562791890265
"565",0.0463702545883387,0.215461398881341
"566",0.0304469852295794,0.0187968553264951
"567",5.73254885788554,1.73396215543735
"568",0.198299469688257,0.127825403157186
"569",0.00358239608947071,0.096887441475334
"570",3.92621223551542,0.642376156189779
"571",0.174882543660462,0.625091589581017
"572",0.0166178382768491,0.0193722018633362
"573",0.415098175059024,0.0587222565796192
"574",3.21815617611233,4.4827678549353
"575",0.0232640762629117,0.141305574887484
"576",0.612658632302184,0.251840485713135
"577",31.1141301512301,7.45704090406305
"578",1.51933557327202,1.66222286549845
"579",0.304773548333872,0.682803423640328
"580",0.150813722654995,0.313180181552414
"581",0.00987645300106319,0.010863853711992
"582",0.0350044757817405,0.0990828850718901
"583",0.509307441913628,0.678805075370648
"584",0.0351441264964484,0.155944964142152
"585",3.51458304764272,1.75759988766944
"586",0.66926185549189,0.246415370559627
"587",0.000675800702487377,0.165178927583363
"588",8.19006412919313,7.10634476833675
"589",0.508161979719552,1.11165878993235
"590",1.21437351884538,6.94704353923399
"591",1.24627608207201,8.09362814513063
"592",8.13799502558459,7.00679919361062
"593",0.263779034701007,0.795463540427506
"594",0.00874890899510056,0.0574100098520392
"595",5.39519006959589,2.17604263415982
"596",0.0323995803068437,0.162985829306359
"597",0.00150097597851213,0.00140722985128726
"598",0.106061246710116,0.18693429815865
"599",0.437885626869533,5.35167162010062
"600",0.188185037458791,0.135290977568884
"601",0.212155551373647,0.14565014996936
"602",0.0424622334324239,0.263131634369069
"603",0.00951800260978492,0.293393702339882
"604",2.88715891487676e-05,3.45891958260742e-05
"605",0.306916844940159,0.622058214215826
"606",0.0174398574415589,0.0696499960930904
"607",0.398665440154899,0.12067776527346
"608",0.0895261365411926,0.434196847313367
"609",0.0158222665172241,0.0456687241860202
"610",1.43319750705889,2.0483316151291
"611",0.0379623648624492,0.0647956998495094
"612",0.790096185600659,1.29318967589415
"613",1.11549339135365,0.237187683753945
"614",0.0362985215805001,0.0471766069252449
"615",0.0225515498042895,0.027648621171858
"616",0.000604003977701888,0.000154778630827513
"617",25.2351194223344,6.52716423358451
"618",0.597153408216593,2.2042309152323
"619",1.15273622610474,0.585652816015798
"620",31.9057352494962,7.97910504657425
"621",0.426042052262797,0.323378405450898
"622",0.00502810318958469,0.00626251562265275
"623",0.0117830564801916,0.0131819372918644
"624",24.7026280942649,8.22486218088206
"625",1.51458387187406,0.964083769531292
"626",0.0189334535962997,0.22374859085004
"627",1.10143006139749,0.779828144656749
"628",0.000443831451122798,0.000339612274539224
"629",0.341599067869674,0.889952795992224
"630",0.00192920540589493,0.000180274202724685
"631",0.966512849344755,0.816134714112181
"632",88.1618449874112,7.75978327266051
"633",2.59951214129432,1.16622613891714
"634",0.0108840512315293,0.178440586699237
"635",0.908016350179055,2.48578483452243
"636",1.83604906948255,0.444122917931698
"637",0.00760124979449609,0.181257038925518
"638",1.93359047170275,1.29786332116022
"639",0.103015111574711,0.0752166288175452
"640",0.447648751938717,0.732536365803974
"641",0.0904731555300422,0.0283082571909977
"642",0.0154284187752243,0.00445245760496512
"643",0.199729522935037,0.709002108659651
"644",0.000900633275818785,0.00153635566386143
"645",1.42322643693754,2.34525559409939
"646",0.0265397832854232,0.0599323167792885
"647",0.0140063990387256,0.00581216648244495
"648",0.20180762790865,0.104417581312839
"649",0.285442604647381,0.207001160996798
"650",1.1558232356402,1.05777433771132
"651",0.892858913759704,0.361780148343426
"652",0.251112617878162,0.259728881867576
"653",6.77777202223523e-05,0.00016084905897229
"654",0.00160178220904913,0.138348813179228
"655",3.48206250716151e-05,6.32907099046071e-05
"656",0.291684994513068,0.189891302016819
"657",3.80044416011369,3.37559949467425
"658",0.00142206668584014,0.00174820891186112
"659",0.00472228771764768,4.00387050721849
"660",0.0653190210247111,0.0625830795966424
"661",0.330900681572106,0.135533961425134
"662",4.11559209388652,1.42211482371677
"663",0.000217894068638931,0.000210221063976163
"664",0.659718132183456,2.67578138471165
"665",0.0112962855541361,0.00397621854858823
"666",0.0403036331542877,0.194568794630419
"667",0.000914936778067538,0.00603481143256181
"668",0.08110782272842,0.202073926904481
"669",0.198741693534515,2.51744253866221
"670",0.540887624934888,2.32973786518156
"671",30.416613195856,8.16037508578423
"672",76.4923966037958,7.62102616011616
"673",0.0359232756797917,0.197407442793203
"674",0.0880103423389151,0.215898988603488
"675",0.230462145514344,0.145725673895632
"676",0.00491705280383488,0.0465422404340897
"677",0.0335671321881576,0.151097549290128
"678",1.45617623795429,3.66509484638851
"679",0.0882926366671339,5.66138128875523
"680",1.67087374000021,3.64131869212143
"681",0.218600968469674,0.441773695727534
"682",1.75898780916003,2.63541501800951
"683",0.00146232073900624,0.0494536428862888
"684",0.230563825806806,0.60672616699568
"685",0.00263369495762648,0.0255372129618739
"686",0.0138020645827235,0.0174311804418233
"687",0.0664598865954631,0.996241639153418
"688",1.99865653384258,1.99911604814336
"689",7.69408070135647,4.783067136334
"690",1.65359468410371,7.49985895022747
"691",0.0101029895576586,0.0190145643903189
"692",0.0349482012174349,0.151126891000903
"693",0.00219278776792826,0.00112329244388523
"694",0.151504667473041,0.0574624163457759
"695",0.0667662968996647,0.0476412395699415
"696",0.0573335323713871,0.0547209472060646
"697",0.0713729061072836,0.0827792104601795
"698",0.00872906937369885,0.0120413442628339
"699",0.163929001898521,2.13510718386053
"700",0.0120751533521566,0.00269728025058865
"701",0.0222499487345779,0.0176841836454051
"702",0.0206730918300704,0.00642387294430564
"703",0.363364703401351,0.773710710759054
"704",0.00142659689878582,0.0014462347214156
"705",0.00256858197817972,0.0133379582619669
"706",1.01010845333924,0.222800355393532
"707",0.0991393644968641,0.0250284658685224
"708",0.00884536845696316,0.0449278721827807
"709",2.55811146733431,0.732339602605402
"710",0.0258380300670052,0.029190449546421
"711",0.0264834494951026,0.165260176368258
"712",4.65596292546276e-05,0.000206888472958484
"713",3.30225858342238,4.94998786943666
"714",0.0510268182758879,0.0403201535252309
"715",0.0827534443287638,0.0950794558582391
"716",0.015447605349171,0.0207671016702967
"717",0.432497995678089,0.381570751668361
"718",3.47865965378201e-05,0.00273214765767163
"719",2.94146475516521,1.22872266670323
"720",0.521134026895058,0.293863350475378
"721",0.0140817978217247,0.0412238551346837
"722",1.17994425499406,2.6614114954985
"723",21.1668995943993,4.65285078429604
"724",0.0949658461894371,0.463874347841057
"725",0.376042719144824,0.583126744204894
"726",9.10819903176793e-05,0.000179051619456034
"727",0.0101833437392083,0.0113089717189327
"728",8.95127687321874,4.48690696752399
"729",9.91492120606229,2.30423297345396
"730",0.392827248267566,0.845108501196958
"731",0.224674137287782,1.08273280543463
"732",0.208047230506964,0.197981479213526
"733",0.102696160653247,0.377820734934264
"734",0.2947880198031,0.170833578753914
"735",0.118934796083545,0.341436540000779
"736",0.658989139718347,0.8594899408397
"737",15.1853880782433,6.21308762739593
"738",21.6751947114808,7.12633697116849
"739",0.814213783598992,1.01793465993429
"740",0.0404528001707808,0.0867832518268074
"741",17.9569771788211,6.00989841854194
"742",0.053926530067973,0.232040791430129
"743",0.259112584808649,0.187279585968166
"744",0.00247923527161975,0.0035366150210072
"745",0.0121288884746365,0.0249077614604777
"746",0.264277266455945,0.424750843391145
"747",0.049953048316298,0.122747146581016
"748",0.00905509319763176,0.0842692157875194
"749",0.652066603712639,0.468091600989832
"750",0.121489295978265,0.270155375117491
"751",0.000958785300999982,0.00619338368775754
"752",0.22230825321289,1.68192185498751
"753",0.12558687849979,1.84574074257341
"754",0.164290332779223,0.216406196192437
"755",0.158016101321333,0.0372404517875582
"756",7.66531979376861,7.39752615657784
"757",0.02108156552079,0.0372970939380162
"758",39.6478998860891,7.56146047607333
"759",13.2942619737353,6.28973657562135
"760",0.0654562802349953,0.0448470407567051
"761",0.899380514003921,0.474195668311747
"762",0.159251180303096,0.332929443230112
"763",0.00585505498362167,0.0249647623944036
"764",14.1509287922282,4.52682668088845
"765",0.00746673947257571,0.00923756282464146
"766",0.0254618896404737,0.0135071945243652
"767",3.79524883639405,2.42567436116349
"768",8.91687608469391,8.33266852716156
"769",9.3430833263257e-05,0.000110478026447261
"770",0.711894522005307,1.2839755679374
"771",0.00469868781455641,0.00324089688562926
"772",0.000589727383323439,0.016588297881754
"773",0.000703425627959505,0.0306587231030171
"774",15.5595574455952,7.22972421036703
"775",0.663850277690827,7.89450655701618
"776",0.0653572928636461,0.0424489259289791
"777",0.950756269517466,0.903774703570817
"778",0.680437887022224,1.45376658116565
"779",2.9651333428319,6.02922342166606
"780",0.0946460243483376,0.284518556811047
"781",0.000391448914014991,0.00112143234709979
"782",0.0345458849796974,0.0530605296065551
"783",0.879095333340172,0.802818962958308
"784",0.00227254505273545,0.0077165995258945
"785",2.78769268600689,5.77412794611249
"786",0.029470280989246,0.357986590407907
"787",0.0396336216560169,0.168623083960224
"788",0.0232530959349675,0.0644287074987378
"789",0.027219374066413,0.0629578247018646
"790",0.0633847828976375,0.125970803364976
"791",0.0135565313688784,0.0298015039261601
"792",0.929808898547796,0.805853755314698
"793",0.000429445353869367,0.000253690271998566
"794",0.0415029159244852,0.0722985646880668
"795",0.0278368106465256,0.0171521961903557
"796",7.46709087920937,4.9384474411698
"797",0.236574606415141,1.1766491773833
"798",162.999502448767,8.28985198435958
"799",0.0273443664385359,0.131549444522541
"800",0.633086223664336,0.409055587450597
"801",2.20145161752549,0.954433349692933
"802",5.87885410487461,2.70565418637837
"803",0.518715651336,0.195773335469024
"804",0.00795040031002546,0.00667251827884427
"805",0.0762217988746586,0.0781605120089305
"806",0.357076434306449,0.610062849416578
"807",0.0526791376685083,0.473978070798288
"808",0.036260662800128,0.023227843365118
"809",0.768772420240576,1.33975273295361
"810",0.320425331251759,0.681891562063133
"811",0.211988152471292,0.571499162690372
"812",0.0308587665337518,0.0126758664843743
"813",0.0134988219967357,0.0208253253043773
"814",0.0317036062279257,0.0980197379709763
"815",1.26161656617251,1.87797847604038
"816",0.000302101573388923,0.000186423631572076
"817",0.313992917009458,0.12399590954008
"818",0.54099339640366,0.953724506819089
"819",0.126032399006553,0.197834293439797
"820",0.118239051199833,0.162755651554296
"821",0.0816280096568082,0.0703235091764546
"822",0.00012356974191495,0.000221010020654256
"823",3.49562033227944,3.29832500043059
"824",7.05885522433655,6.94336488566103
"825",0.714670469069651,0.321788482614656
"826",0.396002098599267,0.230986920155465
"827",0.0665807499104311,0.0548209414447916
"828",0.0196261466819317,0.0483298783045339
"829",0.0216418859533993,0.00785354875307007
"830",0.112879426148562,0.202234583085587
"831",5.25859351379596,4.72657529228909
"832",0.870257477818907,0.29445927096892
"833",0.00106207064191988,0.00701747711950847
"834",0.358891723154502,3.09985762939568
"835",2.24292629591341,2.88753483457623
"836",0.0303349717741357,0.0444600998300134
"837",0.137571113448805,0.681144527137898
"838",0.0207472266939971,0.0103813457347148
"839",0.0934365885611291,1.06838082557749
"840",0.00995771370813502,0.0664161234899286
"841",116.920156600882,8.58357749590928
"842",1.92236672624331,0.467238999044924
"843",0.065686459100919,0.26121966161787
"844",1.07626664717427,0.527056734038055
"845",0.886705537077402,0.735145405166071
"846",0.00824885953018177,0.0206856389711773
"847",9.39925363790123e-05,0.00282616869419884
"848",0.0138326787580459,0.0194337989652554
"849",0.0592368172619206,0.671700959394402
"850",0.202223311521292,0.517502013285346
"851",0.0204789089708769,0.080885099307097
"852",0.0741503534461778,0.0410795556088223
"853",0.708679065288206,0.393419655327213
"854",0.160662343848164,0.0710209130304101
"855",0.0182752708022418,0.356545115812803
"856",0.766064059324884,0.481189924899441
"857",2.71589005465286,2.66361603822683
"858",0.228796798428884,0.200638689456656
"859",0.010620551820394,0.00429814794112052
"860",0.117408763236425,0.182605418293787
"861",0.00760549811325435,0.00115057205592234
"862",0.0357402328530832,0.0915412603747278
"863",0.69516750179681,1.26581614130445
"864",0.0287378959234305,0.339748415430338
"865",0.0389780095515443,0.0561536802243685
"866",1.76448684825754,1.2422104994154
"867",0.543416426732328,0.437224886803803
"868",0.122395817777611,0.14189835560931
"869",2.69835368790376,1.52435996115363
"870",14.5211350173881,5.00897199060984
"871",35.7772341561087,8.62972040052012
"872",0.251040728508389,0.225606270560312
"873",0.0548853673294669,0.0198077971041751
"874",0.000386488557548172,0.0166319736514176
"875",0.0074242119371047,0.235131621266603
"876",0.301784251582148,0.362063765555958
"877",0.238646414911291,0.134365227201335
"878",16.6649595698455,5.14395514478058
"879",1.33208247026327,4.25807704222573
"880",3.61810038564472,4.05696869966589
"881",0.00412472620051506,0.00367180882809692
"882",0.731256674590302,0.904962502909443
"883",0.012332384473887,1.01936661142777
"884",0.031213867126169,0.185336346460411
"885",0.122539363441328,0.165485687029972
"886",0.000377851264850584,0.000213071391933238
"887",0.00530187629010893,0.00842948019820182
"888",0.0148252359789229,0.0345410754639271
"889",0.0669054550522844,0.046674393146925
"890",0.0257761750687401,0.0582432889972594
"891",0.430284108058418,4.07831728830287
"892",2.10182406870653,2.75678664318089
"893",0.756338736032121,1.27291060317726
"894",0.000129134392548299,6.18701637795273e-05
"895",0.250514926242544,0.255677678016831
"896",0.000284551335884691,0.00874657454937101
"897",1.87553070752644,1.03341561429707
"898",0.751324571331915,0.734759665608597
"899",0.0196763458005938,0.0296285124892373
"900",0.354935240046074,0.759201067426308
"901",2.80215612031857,2.81936462121795
"902",0.00167936325006017,0.0035479159658807
"903",0.000681953439674452,0.0319914537051922
"904",0.0409659703981555,0.022775502734293
"905",0.0118664230533291,0.023322242931723
"906",1.47610476132927,1.32020047520319
"907",0.00862400283280877,0.812167445880426
"908",0.662767968625152,0.399905875054459
"909",0.00293316574550614,0.0106686288892203
"910",0.125657080241575,0.133860389610853
"911",0.0104052385910899,0.00529141394362853
"912",0.00145556339857367,0.0023443973927607
"913",0.332988292553675,1.08939012080141
"914",0.0562631880869891,1.13065788248987
"915",0.0010353297014253,0.0353365537567231
"916",0.0244276143494164,0.0207306446977721
"917",0.00262947049022994,0.0298546286346777
"918",0.648585690833287,0.693575693848864
"919",1.4081007980693,1.52796564835661
"920",2.56980671051896,1.72228800687806
"921",0.324866650000279,0.451080992855655
"922",2.5928238247294,0.729146321207445
"923",3.23935239011673,3.32129710773201
"924",47.297973175668,7.00023108193645
"925",0.000632392590678082,0.000111028736796251
"926",0.0232886955321963,0.223127710097896
"927",0.00926572202163585,0.041910271369299
"928",0.000939724147412321,0.000232424319410682
"929",0.175147187505068,0.244118679550748
"930",0.00450313383239931,0.00108770480756531
"931",0.00019134412560653,0.000155396213825068
"932",0.161193226066959,0.0999525070903169
"933",6.3514558456562,3.67940761251329
"934",21.4129623255849,7.52595605443156
"935",0.0726159524632292,0.640108293946885
"936",0.0498557718337706,0.0933704063471621
"937",0.0156522526634781,0.0709905752851874
"938",0.0146841956131898,0.0662990681106184
"939",0.100248964054668,0.281128303326675
"940",1.62238635643576,5.37300063381837
"941",0.0946743274743269,0.336069832198055
"942",0.0401438676921189,1.18586428927209
"943",0.467073080973833,0.640338222411376
"944",2.42614181440869,2.34407591359869
"945",0.0130017109339617,0.0136942987776395
"946",0.281389250648488,0.244098311896974
"947",34.1701908236495,6.72572566569045
"948",1.03428525153443,1.09730849899173
"949",0.00035155610259561,0.000184142056584629
"950",0.0306513958581168,1.55143938434384
"951",0.618807262035683,2.52536214175816
"952",0.898443409729313,0.747043904697928
"953",5.26511747236792,6.36869547270126
"954",0.132746600064052,0.0989615134337703
"955",0.136606187702028,0.352081584016854
"956",0.232938518854639,0.0745702482481845
"957",0.265912681114378,0.0991945482236449
"958",8.87802554168417,8.26697850848237
"959",0.276276513018827,0.144822177406364
"960",0.0863660330245876,0.444518414706993
"961",0.00101534187804407,0.324225917767885
"962",0.00622440850457691,0.012499123867836
"963",2.30300274925737,5.05419573223085
"964",0.0165165129239907,0.0160603933509592
"965",2.17671803913086,2.62300212909433
"966",0.0517928861702322,0.788684637145181
"967",0.000287870823186152,0.00115432790158275
"968",0.0345271378297826,0.0206939373673786
"969",0.47566305824453,0.549686385073914
"970",0.0114629671153546,0.0167840873955282
"971",0.0141539390001397,0.0437833239094939
"972",0.867489989677222,0.736106588552587
"973",0.0832711467355667,0.0693016120086912
"974",0.0415309674600239,0.081925989393977
"975",6.36037503975209,3.07386582347803
"976",0.0478879991539048,0.0724591527917289
"977",0.0447214880089292,0.391073864262168
"978",0.499871062981374,2.75426434872093
"979",0.0039662946413884,0.00679679725106915
"980",0.0521818903019145,0.0242496244690527
"981",0.0354476169258573,0.65273387951193
"982",0.0294314479908122,0.122627186965218
"983",0.0048054932392321,0.00521778192805243
"984",0.0277196022254155,0.0254294959690089
"985",0.0863728814661159,1.62182408297741
"986",8.95485831010269,4.06895648239083
"987",15.1528716697908,7.49188411765005
"988",0.016675647181854,0.0100332438017502
"989",3.51113529375565e-05,5.49937184912276e-05
"990",0.0480096366462052,0.0218642577629455
"991",0.000331065290337756,0.00260743483314427
"992",0.605445988725878,0.776454338212008
"993",0.00117507182581904,0.0100946971909437
"994",0.00154256871263385,0.00041624269130572
"995",0.558296021579129,0.52198342796609
"996",0.0360824115239048,0.185868735554122
"997",0.0368537622538082,0.0105284098402185
"998",3.2890451746862,3.57636142758754
"999",1.99827171913496,6.71996016520742
"1000",0.0666826269124113,0.984696630184578
"1001",0.00528334434635129,0.0887806268201498
"1002",0.00530935739111115,0.0078164453525996
"1003",0.000409175371558043,8.94913344778184e-05
"1004",0.00801250876502562,0.0230638737234837
"1005",0.182911791089938,0.203001763325109
"1006",0.554681517237066,0.269007914752032
"1007",65.0866985501112,6.39240915253544
"1008",0.221659345197552,0.115389145760969
"1009",0.188117020959337,0.701717650355005
"1010",0.0404590089903147,0.0482649319391342
"1011",1.66377118846406,1.10377138448551
"1012",0.0135503086641263,0.141529762182225
"1013",0.0937898865550575,0.317043870771834
"1014",57.0455548939754,7.49008561366743
"1015",0.0170399504149141,0.0514090867463396
"1016",0.288758486036174,0.519389281579712
"1017",0.0296798295873703,0.0398597788188155
"1018",0.224765618527376,0.965232491873859
"1019",0.282550820198296,1.51659552340428
"1020",0.365007845664214,0.727749797639568
"1021",5.14645000529447,7.00645959237077
"1022",6.37816629259638,1.17510896589627
"1023",0.0560318510047512,0.027600897186797
"1024",0.00726334219591094,0.00068376007171224
"1025",0.0411817375838018,2.24493289081233
"1026",0.0292562638925635,0.214846603130452
"1027",0.0257570542212712,0.0236002750230268
"1028",0.00935575725900893,0.0138055065421742
"1029",0.142131383884258,0.0806814877588242
"1030",0.104937765395744,0.0670772728365664
"1031",8.02152842668786,4.5721930634252
"1032",1.50133108044248,2.80319344066366
"1033",1.38559464830836,5.87465336777699
"1034",0.0157133673651731,0.0108539908536534
"1035",0.160935818125168,0.0549033833676272
"1036",0.0518680944372537,0.388706128880637
"1037",6.90532915397923e-05,0.00559205221566485
"1038",0.447366803131426,3.22974038452174
"1039",8.48393639379836e-06,5.64399394558516e-07
"1040",254.457945914623,8.10497280961076
"1041",0.393493468399248,0.379879214385609
"1042",0.0363971608115797,0.221680603950959
"1043",7.02602694197005,4.22105857335638
"1044",4.83666769839337,4.27798604089847
"1045",1.25060190418971,1.46368746929513
"1046",0.00666365021837402,0.0914486043918068
"1047",0.364055548595156,0.320918424534156
"1048",0.0633194791470782,0.147234666983646
"1049",0.100095346415704,0.0852074876912844
"1050",0.0795493868817011,0.480289942357104
"1051",168.638001984121,7.60303021858536
"1052",0.0545075256917626,0.0448675007209608
"1053",3.04509425803913,5.61786932047375
"1054",0.463577944749639,1.2613692004191
"1055",1.00143356480704,0.82903774773483
"1056",0.788746108008847,0.546519097637088
"1057",0.105667385635483,0.0679556507902739
"1058",0.00643307129856441,0.00579382504747437
"1059",0.114127718122257,0.0889343685471925
"1060",1.22207725877741,1.25652249649628
"1061",0.0245398971131858,0.534088994203936
"1062",0.198102006040089,0.244756873940398
"1063",0.0475069080590146,0.0537952149114541
"1064",1.39215745539505,5.59993921323773
"1065",0.129814189327177,0.24007792660943
"1066",0.0706229385328603,0.0322576881309264
"1067",0.0207210962576861,0.0451307047016635
"1068",0.039782998332509,0.0718579447142609
"1069",10.0978816727817,5.16071156592106
"1070",0.305233061621245,2.03871490751738
"1071",0.788551179610598,7.60244711723778
"1072",12.129485142028,5.11194019583127
"1073",0.412307812381393,3.7526670627371
"1074",0.362567507541934,0.278660299214588
"1075",34.9457840740414,8.19554957943574
"1076",0.13094727353195,1.18630979371928
"1077",0.000118120925005386,0.000543380165470373
"1078",6.09114064694693,2.26159984753157
"1079",0.00752325599706453,0.580235625508987
"1080",1.06124747352043,0.457380383047546
"1081",0.00113375784579209,0.000270841039074895
"1082",0.00405050132928295,0.00050210429469665
"1083",0.0294358589489401,0.0946041527002583
"1084",0.00161244470048504,0.0301218887397067
"1085",0.159837571483952,0.307627925618219
"1086",0.0104929932399024,0.0345799423852992
"1087",0.790382979703722,0.64601078490004
"1088",2.324135219208,4.10767383680574
"1089",52.4200707703821,7.708313264811
"1090",15.0691547248846,4.59264278849479
"1091",0.398462598656062,1.96307237234583
"1092",0.233771267501659,0.11510377263214
"1093",1.49792774955232,1.14773150359091
"1094",0.206154793850334,0.247971392220163
"1095",0.0181801533819874,0.0275278466082292
"1096",0.825624613375776,1.08022072661804
"1097",0.080676279728673,0.133401586193377
"1098",25.1060663865601,7.97930653515955
"1099",0.00145341742038897,0.00170177152914708
"1100",0.303541819379585,0.123607607956843
"1101",0.167060962381958,0.615277985266617
"1102",0.298355943411938,0.10576118453404
"1103",1.25852086752505,1.83100653132609
"1104",0.0226827956203355,0.129361317003301
"1105",15.2499555191865,6.80023369040286
"1106",4.55609844929347,0.732046505536725
"1107",1.63333284031426,0.18631566338038
"1108",0.0177507893432277,0.074656833237573
"1109",0.0113960523612959,0.0352264670126803
"1110",1.75795906580813,3.82397834476547
"1111",0.00678808734616544,0.0138617669148808
"1112",0.00298049822416847,0.225780289376041
"1113",0.000543180238417243,0.0486947421268549
"1114",2.9391260667135,1.02509822686419
"1115",0.286704967980837,0.205385940408666
"1116",0.475067227962123,0.538399387879537
"1117",0.0617352344536288,0.0894204755005178
"1118",0.311978929120077,1.0152977317559
"1119",2.81123784493782,1.11370220619423
"1120",0.00831358787718228,0.00721238866475773
"1121",2.23545235922224,3.40108303062746
"1122",0.705798850054803,0.517359810067379
"1123",2.18972514979291,1.72875539401228
"1124",0.00863816169949577,0.0375528015577209
"1125",0.0921554246302724,0.0439751462214394
"1126",0.171685666088769,0.0863644553848768
"1127",0.00712291075598003,0.0138468252205777
"1128",0.0332970648435275,0.0517686988679647
"1129",0.000562730239623072,0.00102878040233302
"1130",0.000381871314297761,6.43284806371139e-05
"1131",2.19360132448942,1.94793850918066
"1132",0.0460392216153283,0.00757617133967504
"1133",0.181191463002489,0.470498504604079
"1134",4.11912687792486e-05,0.000227374647430714
"1135",0.578033028842966,0.583006626544016
"1136",0.77780793075164,4.50852004105833
"1137",0.504528004071134,1.1592874265465
"1138",7.5144801567173e-05,4.25315706544859e-05
"1139",1.32449593404187,0.729138699400487
"1140",0.0479675710025176,0.952442021619222
"1141",1.05679881405546,2.03149011043314
"1142",0.168189660646275,0.240169956074843
"1143",0.00174630308566377,0.000701649661070205
"1144",28.2787001085021,6.67108637575246
"1145",1.67297003332539e-05,8.56041189414104e-05
"1146",0.150823494075703,0.114562939201869
"1147",0.0913977600265464,0.162930134358615
"1148",0.0378235873187791,0.0594850312580065
"1149",0.0344963586398211,0.0467721037639062
"1150",0.112452125382601,0.0913619450845473
"1151",1.04992454460495,1.57587064818662
"1152",0.103788889978401,0.0989835193066774
"1153",0.0350126876964781,0.0330439645480696
"1154",0.144822631395951,0.293450863439652
"1155",3.41408592451417,2.82697907426707
"1156",37.7209010954013,7.05351941356802
"1157",0.0341367019209212,0.0409425417213432
"1158",0.0255395137798932,0.0168619204282803
"1159",0.0024533917695762,0.00284732010605973
"1160",0.181424414715905,0.112406195704894
"1161",0.00553065093291002,0.0180613754494589
"1162",2.86929350694135e-05,7.78903984635733e-05
"1163",0.957513698132468,0.530282622314884
"1164",0.000994950032863042,0.0283311818933064
"1165",3.92090184536313,4.84694673848952
"1166",0.000666751624814282,0.00024273527766341
"1167",43.0154942249651,7.96298784654546
"1168",0.0263831136195346,0.138258499499987
"1169",0.683925143291919,0.395222192838694
"1170",0.0607143504022666,0.12307226788628
"1171",0.0189146023042433,0.00873133799005524
"1172",0.000169595731035147,0.000110100819939619
"1173",0.128441333764781,0.315069954576752
"1174",0.565604829476488,3.16158414153295
"1175",3.81812340875935,4.46123382453154
"1176",0.0370049709802098,0.0114173215388667
"1177",13.1700715078997,5.73123684377757
"1178",0.0490252727097992,0.345137730162565
"1179",0.000509988402700526,0.000272333241221972
"1180",4.84552059620966,4.68846642334567
"1181",0.00220372256016159,0.00319151825252422
"1182",0.09426047104769,2.5974796009622
"1183",0.183758502030846,0.105370231985785
"1184",0.242927015054409,0.262714877169794
"1185",3.70820665856785,1.76315204728798
"1186",5.9969108512326e-05,0.00103537916774846
"1187",0.0326439434003045,0.33965127754645
"1188",0.194268144196653,0.397408895122745
"1189",0.918131181275424,1.64165895489516
"1190",4.8714208985097,1.57116002340029
"1191",0.342863463452298,0.382484752687916
"1192",13.5474433944385,6.01659477661891
"1193",0.0762907641955709,0.268749605180895
"1194",0.69724727039561,3.83256597553396
"1195",0.0748345055902699,0.0386989550830476
"1196",0.036191194170568,0.0828646057599688
"1197",0.0875060293709466,0.0680588833669629
"1198",2.8190146348905,3.49935659796587
"1199",0.807830566077256,0.570767205099753
"1200",0.107643321292689,1.30617914941522
"1201",0.0414073672665487,0.0283733066901833
"1202",0.000224181106958791,6.67459721670425e-05
"1203",0.00211773173741202,0.000672295523127097
"1204",1.11557864911491,0.800689590129047
"1205",4.70935653397835,3.29004028380268
"1206",2.41390756502864,7.14524937934619
"1207",0.00295112956361247,0.00229665012601453
"1208",0.597612498827053,3.97480203750218
"1209",0.0163247252767339,0.021235445332797
"1210",0.000860409811705654,0.00121734637258942
"1211",0.481965306296073,7.6263099147587
"1212",0.0797038016437137,0.149529589891347
"1213",0.205659171271038,0.173873447775252
"1214",0.00420160494335051,0.0494108369798469
"1215",0.0621987138376591,0.0537982197103271
"1216",0.00162417582116946,0.00751376696163716
"1217",0.207427828452663,2.49987591334829
"1218",0.0135473201895362,0.0166735909070986
"1219",0.485373683218062,0.167742048612085
"1220",0.277598823056539,0.433126487037975
"1221",0.164267559123027,0.1440644868984
"1222",21.9529583973842,5.97596613891102
"1223",2.81408369050183,1.05451718235819
"1224",0.792212141947927,0.215889778522092
"1225",0.0101066709992889,0.454968098100678
"1226",0.533677220443274,0.545398417656658
"1227",2.00183890202801,1.09197653775798
"1228",0.39293419521979,0.384394295236074
"1229",0.0110427350987539,0.0143033892149919
"1230",0.0118054391067991,0.0120747780577529
"1231",0.000274603024676555,0.00447879941072667
"1232",2.0078343440713,1.46256558481966
"1233",0.00114038243712247,0.0360514969989321
"1234",53.844315274962,8.38074210343671
"1235",29.3493094805477,7.28582898044797
"1236",97.8049484429046,7.50581502417693
"1237",31.0598486497011,6.95600289803551
"1238",4.81782661913921,2.44482742047336
"1239",0.45040795943756,5.67403745852807
"1240",0.013920558627315,0.00979735006704702
"1241",9.88383278754487e-06,0.000103324734436192
"1242",1.1918233383583,1.43965517148262
"1243",8.38706599782918,2.83159422214409
"1244",0.0472789390603667,0.115030217650547
"1245",0.000957346925943089,0.00242238765493822
"1246",0.000904520903003309,0.000136081654357262
"1247",0.000206276446302882,6.16112266799174e-05
"1248",0.131795956283567,0.126558139381622
"1249",0.0187617911885904,0.00604147637145741
"1250",0.00111096567929362,0.00466116255875795
"1251",0.00924419224456429,0.136661212960478
"1252",0.452196911954853,0.602448902672779
"1253",0.000413851302942964,6.66056050926948e-05
"1254",0.305221764166844,0.415867861597464
"1255",0.000221982769838577,0.0404628298241939
"1256",0.0282708338098994,0.715773525320941
"1257",8.3663459187957,6.09156477103785
"1258",0.245899043334167,0.260185863989374
"1259",0.000353428545572321,0.0528453939539995
"1260",0.00162426457215969,0.0053307250949931
"1261",2.5017852239694,1.79555249126459
"1262",0.0318446220071047,0.035185578706385
"1263",0.0506126360950649,0.425543902343368
"1264",4.28243065348063,0.912691746056167
"1265",0.0155746667070141,0.0144884497322549
"1266",0.231418655061986,0.21969299675457
"1267",0.0187061699168783,0.578302592330664
"1268",0.656978881276246,0.373179334557881
"1269",1.61358657771169,1.06430004733674
"1270",0.0362596088277705,0.0132156245647409
"1271",0.281049278870582,0.0730348246794664
"1272",1.53405163546835,4.31842022999257
"1273",0.117652946048033,0.179708713018353
"1274",0.0249994063099363,0.0129856275105342
"1275",0.121548018195124,0.146078117562966
"1276",0.00722404466566721,0.00768650648801979
"1277",6.03033984367592e-05,0.00695501360727641
"1278",0.443352688655678,0.207142015849924
"1279",0.0794583224078165,0.074739424918968
"1280",0.11412009469987,0.237444600417702
"1281",18.867746566465,6.44331024056341
"1282",0.133948454473852,2.15190419167104
"1283",19.9148808429025,6.25621758759533
"1284",45.7557459131233,8.1949567254761
"1285",0.123559971662492,0.285784961927496
"1286",5.58969657759058,2.68234139692378
"1287",8.13877853020042,6.65900096693095
"1288",0.00902954878742946,0.0143680414167829
"1289",0.00716191462785405,0.0827198254878154
"1290",0.011316553712856,0.0265611733865729
"1291",0.421750348219094,0.17156360347103
"1292",0.0656669464209792,0.0745737191989899
"1293",0.830740125520122,0.249225828104825
"1294",0.0151277501741693,0.0239632623185671
"1295",15.9681384180257,5.60407972495961
"1296",0.22017717032485,0.282193881321998
"1297",1.10885523414212,0.537365535204232
"1298",1.31212178476854,1.0641043229826
"1299",0.193081550392957,0.807175872658943
"1300",0.608963236744739,0.871160834608125
"1301",0.798437785544265,2.13026405978763
"1302",0.00190694737653365,0.0204846863396248
"1303",0.436855967888289,0.214460580797591
"1304",0.0431236445826866,0.0260745936264894
"1305",0.065077315189313,0.0524413251697454
"1306",3.00356334445645e-05,0.000416255581519039
"1307",11.6013025443185,3.68304686774761
"1308",0.0915861304563741,0.286800910001481
"1309",0.763622352785088,0.499262554863637
"1310",0.00536395022967143,0.436264854746271
"1311",0.0382566436553336,0.00602615268020766
"1312",2.40844703170471,2.2498082327634
"1313",1.47314686825133e-05,4.49779001478444e-05
"1314",0.239707769543045,0.247717076081963
"1315",0.0175459537180778,0.132285180831525
"1316",0.0842771790805258,0.0543502413594015
"1317",61.7768627132524,7.06485090275086
"1318",0.113294491905932,0.0878052643521995
"1319",0.00680040552464227,0.0764301022211576
"1320",2.49812867743905,1.7602077125843
"1321",0.0381113843852822,0.0983170580654428
"1322",0.00217841646923252,0.00267700394486003
"1323",0.391940643367563,0.361373591508701
"1324",5.34616486762447e-07,2.02965460418344e-36
"1325",0.0267354721883602,0.0272209976854739
"1326",0.0243907061402693,0.0257317743632307
"1327",0.19105933989704,1.38123505228778
"1328",0.00422170284497166,0.311198016235666
"1329",0.0176824287422647,0.0971419600798004
"1330",0.00534113331629973,0.0242706897121962
"1331",0.0587033853208676,0.0915324730521371
"1332",0.00812435001569307,0.0316215797524121
"1333",14.0892982410739,2.96078753251933
"1334",0.664351381440031,2.60316282563196
"1335",0.000368840149968225,0.000535098305784015
"1336",0.0593495061810345,0.0194304007726241
"1337",0.0535946214231575,0.508791593019355
"1338",0.0529504700495011,0.0719098320603972
"1339",61.8914955034683,8.22223075619114
"1340",0.0905197206488896,0.239704837445532
"1341",0.00127633516246778,0.00167723335556362
"1342",0.0349226666401288,0.0583193718109615
"1343",39.1776970532282,7.2745447527475
"1344",40.4852154140255,6.28704774886752
"1345",0.0523182816113027,0.0451281338649212
"1346",1.62689775523088,5.58686184097654
"1347",0.0324841560199012,0.0371953498690261
"1348",4.19444062532002e-06,7.98366515237183e-05
"1349",0.0101307363391805,1.33827122099208
"1350",5.35370981499837,5.96198696998724
"1351",2.9462026153542,1.68647149410826
"1352",0.11442010985767,0.258911456009117
"1353",0.0474850615575191,0.0480846378777827
"1354",0.0694131989337774,0.301168918467969
"1355",0.000181730834625401,7.26832107269695e-05
"1356",0.000770751570427398,0.000259614871122918
"1357",29.7814352056526,7.97974018833506
"1358",104.526031903532,8.40060489659268
"1359",0.438930130496433,1.31122065464363
"1360",0.0389219013005153,0.0677446265756178
"1361",0.000314306740316522,0.00147369433033095
"1362",168.02669951097,7.86336095076733
"1363",0.307881724615151,0.656675590918969
"1364",0.0531285826688527,0.0983709927601107
"1365",11.3757828072161,5.43612780236847
"1366",0.000671813980502328,0.00687396688222724
"1367",27.0143422495732,5.2191981279628
"1368",0.0553905798716613,3.59404382385435
"1369",0.0103400956629662,0.0902265034450523
"1370",0.00268494066751897,0.00550615239429593
"1371",0.992544968198124,0.425400892200194
"1372",0.000387912041074844,0.0012430646882901
"1373",0.386453974786771,2.1680729082095
"1374",0.114795890823171,0.16097825565841
"1375",0.464652085636942,1.12065152605733
"1376",0.000144673037240738,0.000467559568586463
"1377",0.644001360906536,0.565885567737552
"1378",0.797834089457138,5.16757186475828
"1379",0.00373427537316336,0.00166749837779521
"1380",5.34534251131164,3.80053097014151
"1381",0.398979452954534,0.118200295034059
"1382",0.137264933335792,0.216659438655726
"1383",0.00240499051796283,0.0018423602324524
"1384",2.13594355368635,1.88282951960077
"1385",0.76615980105778,0.75985788214519
"1386",0.172120469370491,0.708997426911787
"1387",0.0190471074970023,0.0228900170232433
"1388",0.0292577673540645,0.0400188913903101
"1389",0.131692633233138,0.152938154097184
"1390",0.0617947321017555,0.0792080584882007
"1391",0.000525773762171963,0.00502782119745233
"1392",0.0341853667637751,0.340326471426993
"1393",0.0405914008889118,0.13485111684908
"1394",0.100152858552362,0.805813124870097
"1395",0.00257739795250148,0.0557279805509084
"1396",4.44966773166049,4.40359599642965
"1397",0.110352997433284,0.115348680926589
"1398",0.0495166021408538,0.022057135248853
"1399",7.34977180274389,3.78749739117106
"1400",0.893981433472515,2.4442549720176
"1401",0.014898110115485,0.0313174168775273
"1402",0.218802530672255,1.14750336021204
"1403",0.291308858433165,0.143407890422815
"1404",0.000353742496762144,0.000129917782536127
"1405",0.0406559779838877,0.0400029752310262
"1406",4.68115605534751,1.98930451229692
"1407",0.022614280115405,0.117732437465606
"1408",0.00289214004846009,0.00145750815656135
"1409",122.600945541118,8.54073766068207
"1410",0.232463080126021,3.74267452312985
"1411",0.00343091984491355,0.0105855064722899
"1412",0.0423951526023502,0.634021027126855
"1413",0.000680054654385384,0.0164412373472291
"1414",0.00802053647437593,0.00537605815589508
"1415",6.3351542652279,5.55254460573275
"1416",0.269931230116508,4.53674358882702
"1417",0.048624156569333,0.0961597172767538
"1418",0.0149508234216058,0.00711737026434862
"1419",0.0350702235006908,0.0108588574825311
"1420",4.65434758999169,1.7707428486047
"1421",0.594935838728144,1.02907569841452
"1422",0.319510435454229,0.912140969941418
"1423",0.110825113150152,0.354221001409705
"1424",0.00368782167888655,0.0885967099146247
"1425",1.37674442527728,0.61438386535997
"1426",0.000188747775356442,0.000963606407976162
"1427",0.0776113263913757,0.0218854202770885
"1428",0.00651162736687186,0.00559530090997433
"1429",3.21890362142017,3.55703238902539
"1430",0.11723146687893,0.228338184212182
"1431",0.0371688015490135,0.0258200738541944
"1432",0.0395062143172122,0.0256682460760255
"1433",0.0562945437950658,0.0624483354774032
"1434",0.0631036307213622,0.0535152047301596
"1435",0.0175801320351829,0.0062417195003601
"1436",20.8725825137862,6.8111519996454
"1437",4.18647939652325,3.53689389545098
"1438",0.195257405679552,0.708585427855034
"1439",0.021951050593887,0.0348866053349002
"1440",0.823868005542318,0.897539719659658
"1441",1.41450589045388e-05,6.19652368432671e-06
"1442",6.55904411981448,5.91289060223898
"1443",0.468866033868596,1.07700043255014
"1444",0.324677399199583,0.575166411207313
"1445",0.822934287000296,0.258332067540984
"1446",0.0716597158026921,0.193862859196636
"1447",0.00303462638292166,0.165127603523283
"1448",1.27329777028345,8.14508856050313
"1449",0.000114899188108193,2.72114833140866e-05
"1450",0.0375285932745393,0.0946340790992948
"1451",0.0467108945990815,0.0150687854379514
"1452",12.9928643729511,4.88557990902836
"1453",0.0299868002410389,0.0533235100348872
"1454",6.98486311526129e-05,3.64004044333807e-05
"1455",0.0105398630872563,0.0691225507617352
"1456",0.0359541565061195,0.0183820986340429
"1457",3.78738097954279,3.70795167592594
"1458",0.00186900688294509,0.0156293580091228
"1459",3.01219662861248,7.16056993265416
"1460",1.45122586151331,7.9370961764658
"1461",0.234422681671436,0.0820370645413761
"1462",0.0147206583396723,0.0172616354059404
"1463",0.0146003419054753,0.00857286744414296
"1464",1.54609389263201,1.22068117490725
"1465",0.00146158796441084,0.000313028078586454
"1466",0.505641985360418,1.62392692440144
"1467",1.75403061554972,0.957268938117348
"1468",0.792096224578217,4.38697073993119
"1469",0.05294802865782,0.203311839863942
"1470",0.00128445760882187,0.00122201078407062
"1471",0.128604270584823,0.114911796308929
"1472",0.327244712132438,0.206487465923056
"1473",0.0033878042552801,0.00100656838200458
"1474",0.603943502747364,1.06832140221196
"1475",0.0982148630445357,0.86999248471309
"1476",0.243959193935359,0.863994362752244
"1477",0.850957258747901,0.300375458277929
"1478",0.0346977004754175,0.0735811977561003
"1479",0.0179007533559954,0.0992110649114019
"1480",1.44658102099815,0.4940826906559
"1481",0.243142953332802,0.396566911101465
"1482",1.72578915533447,6.86188165630881
"1483",3.04865059405042,1.60788339105516
"1484",0.00483642013636117,0.0400442858948113
"1485",0.0243446653124134,0.438122944639709
"1486",0.185920360179148,6.50751371986053
"1487",0.188150509711195,0.440873135623259
"1488",1.86967308100614,0.782010462299361
"1489",1.45829967417509,2.47222959097575
"1490",0.00563671943921763,0.0504684511236682
"1491",4.90954141035637,6.95323096695745
"1492",20.9069352105496,7.9406638160297
"1493",0.173937918448646,0.191490474275305
"1494",0.0508192245142797,0.0464923407344143
"1495",0.154872152540239,0.409821540324509
"1496",1.47997005723884,1.43430762769191
"1497",2.32321009543984,2.4961262375598
"1498",0.000821183438988792,0.00126792292751562
"1499",0.0593570166267195,0.120858200590174
"1500",0.0919735873060237,0.146173397071191
