"","lp1","lp2","lp3","time","status","G1","G2","G3","G12","G23","G13","G123"
"1",-2.47204000981439,-0.227675926045228,2.21646534228591,28,0,0,0,1,0,0,0,0
"2",-0.251510020741873,0.534585397149341,-1.23172851832009,28,0,0,1,0,0,0,0,0
"3",-0.908007699842161,0.292764817023687,2.38910941788289,28,0,0,0,0,0,1,0,0
"4",-2.08982500514694,0.913237636572811,-2.06813406774834,28,0,0,1,0,0,0,0,0
"5",-0.998785382378951,-0.402937107991911,-0.722538091776178,28,0,0,0,0,0,0,0,0
"6",0.780760896930419,1.67489080962004,1.951294314764,28,0,0,0,0,0,0,0,1
"7",1.35527843707392,0.31698217410975,-2.62439899159472,4,1,0,0,0,1,0,0,0
"8",0.108244953160381,2.17114116000711,-0.716330253234908,28,0,0,0,0,1,0,0,0
"9",1.6201617221894,-1.11106236734681,0.535715137170471,28,0,0,0,0,0,0,1,0
"10",1.9118456351345,0.670375712591182,3.6047464323736,28,0,0,0,0,0,0,0,1
"11",0.241502149588057,2.88463489698016,-1.63142991984723,28,0,0,0,0,1,0,0,0
"12",0.65593590022032,-1.43846265516963,0.129576428388459,28,0,0,0,0,0,0,1,0
"13",2.73937277593677,0.243381417102948,-1.51424215647348,17,1,0,0,0,1,0,0,0
"14",0.857788001556915,0.764549324740413,1.00182250425548,28,0,0,0,0,0,0,0,1
"15",1.02785452270845,-0.251337660394283,0.505533528872952,28,0,0,0,0,0,0,1,0
"16",1.1207094029539,2.48941383427281,-0.740059330304135,28,0,0,0,0,1,0,0,0
"17",0.290214812827249,-0.424589303382111,1.40574703780269,28,0,0,0,0,0,0,1,0
"18",0.760999360011936,-0.688583160670258,-0.472453743792928,28,0,1,0,0,0,0,0,0
"19",-1.25012250733722,-1.25902127390915,1.36723820946761,28,0,0,0,1,0,0,0,0
"20",0.220616800853685,-0.253522855243437,2.39159305765772,28,0,0,0,0,0,0,1,0
"21",-2.36705716964919,-2.13087505186407,1.05866606160796,28,0,0,0,1,0,0,0,0
"22",1.68414751857158,0.560361875265053,0.241097897587777,28,0,0,0,0,0,0,0,1
"23",-2.05445621835196,1.7597332581438,-2.02917883166548,28,0,0,1,0,0,0,0,0
"24",-1.75100801929983,-1.98817610283132,-0.458509136414138,28,0,0,0,0,0,0,0,0
"25",0.125763169306686,-2.47957799256703,-0.205588445029294,28,0,1,0,0,0,0,0,0
"26",1.87092574400266,4.14686344695523,-2.92469773050701,12,1,0,0,0,1,0,0,0
"27",-1.13791330756784,-1.33584450690692,-0.923597727060339,28,0,0,0,0,0,0,0,0
"28",-0.739525366163517,1.66709008584599,-0.492377838015587,28,0,0,1,0,0,0,0,0
"29",-1.13433586498652,0.741060525635581,0.879148407126663,28,0,0,0,0,0,1,0,0
"30",0.190844737219145,-2.42016596266556,-1.0698155496026,28,0,1,0,0,0,0,0,0
"31",0.0733796892071489,3.89014744889471,-1.02320932445313,7,1,0,0,0,1,0,0,0
"32",0.479284251094006,0.705372679384574,1.64314329544457,28,0,0,0,0,0,0,0,1
"33",-2.26680426647932,-1.72590208617333,-2.24898594992485,28,0,0,0,0,0,0,0,0
"34",1.12654334064861,-0.543873643800986,-0.895338379474732,28,0,1,0,0,0,0,0,0
"35",0.108519385885709,-2.24753555739125,2.70503944591348,28,0,0,0,0,0,0,1,0
"36",-0.607457513416729,1.76846240656093,-0.524301604555523,11,1,0,1,0,0,0,0,0
"37",-1.21146773658729,-1.51589629609681,0.24034066511806,28,0,0,0,1,0,0,0,0
"38",-1.08723146180615,0.936484001828557,2.98319531910737,14,1,0,0,0,0,1,0,0
"39",3.11410002301789,0.73273851724372,-0.223462905396037,28,0,0,0,0,1,0,0,0
"40",0.184899609362996,-0.187480823150519,0.444659329313625,28,0,0,0,0,0,0,1,0
"41",-1.11403638712626,1.87861239138612,-0.450905550201134,28,0,0,1,0,0,0,0,0
"42",0.804945858957119,-0.895079993630198,0.700734757777054,28,0,0,0,0,0,0,1,0
"43",2.18796930523581,-0.916689195802143,1.61257813401035,28,0,0,0,0,0,0,1,0
"44",2.30762602289051,-0.341854718332194,-2.0986509126977,15,1,1,0,0,0,0,0,0
"45",-0.599083783824852,0.674877186808013,-0.689038639488393,28,0,0,1,0,0,0,0,0
"46",2.0308969959798,0.122309254019789,-0.0650944491582969,28,0,0,0,0,1,0,0,0
"47",0.630561136758165,0.655376760207567,-0.917785769471525,28,0,0,0,0,1,0,0,0
"48",-1.83203272787525,0.882201403394133,2.05196883772342,1,1,0,0,0,0,1,0,0
"49",0.569384255021939,-1.15601134695919,-1.04116168081962,28,0,1,0,0,0,0,0,0
"50",0.965415678500367,3.44752932363042,-1.06264895641296,2,1,0,0,0,1,0,0,0
"51",2.55774200862594,1.81870291449067,2.67278412970637,28,0,0,0,0,0,0,0,1
"52",0.318824690487085,-0.184621133317115,2.23038920048777,28,0,0,0,0,0,0,1,0
"53",1.09253441578902,-2.7757187146816,0.0572746428654274,28,0,1,0,0,0,0,0,0
"54",0.820493277220039,0.0240650244749587,0.776213402213962,28,0,0,0,0,0,0,1,0
"55",-0.490181428938956,1.6014959692556,0.543544949728268,28,0,0,0,0,0,1,0,0
"56",0.916187777084444,0.872741715854935,-0.0474519347761289,28,0,0,0,0,1,0,0,0
"57",-0.753481317396916,-1.54228076653177,-0.441258535691213,28,0,0,0,0,0,0,0,0
"58",1.25820038320057,0.415218242081428,-0.985985985798028,28,0,0,0,0,1,0,0,0
"59",0.332347323992864,-1.66205268943195,0.444199278255581,28,0,0,0,0,0,0,1,0
"60",-0.219231310651213,-0.289582476350916,-2.81156100755191,8,0,0,0,0,0,0,0,0
"61",-0.736005127212017,2.27562446260738,-0.263012215948077,28,0,0,1,0,0,0,0,0
"62",1.20284782034219,1.79776077516877,-1.08630820785606,28,0,0,0,0,1,0,0,0
"63",3.75859325701114,-0.901888578078037,2.66489111474235,17,1,0,0,0,0,0,1,0
"64",-0.322097197692914,0.316608008871261,-0.586700310198148,28,0,0,1,0,0,0,0,0
"65",1.10581327965424,-1.87063329804822,0.204722672851829,28,0,0,0,0,0,0,1,0
"66",1.90624756830033,-0.379597715055842,3.58934549574496,8,1,0,0,0,0,0,1,0
"67",-1.34302714777633,-3.92415390803787,0.594194160883695,28,0,0,0,1,0,0,0,0
"68",-0.391819467415747,0.830526577860464,0.787653515144902,28,0,0,0,0,0,1,0,0
"69",2.14112989317738,3.38631554895523,-3.12223259353369,1,1,0,0,0,1,0,0,0
"70",0.892096015514879,2.10275626994457,2.00837312148726,28,0,0,0,0,0,0,0,1
"71",0.505995273101148,1.43776909175768,-1.11242502770662,28,0,0,0,0,1,0,0,0
"72",0.130084800282885,2.66392006842395,0.687530623567757,14,1,0,0,0,0,0,0,1
"73",0.262839453528057,1.1029857942578,-1.44330814494301,28,0,0,0,0,1,0,0,0
"74",0.046841028630581,-2.02910564190721,-0.0206783064372411,28,0,0,0,0,0,0,0,0
"75",0.580678797075296,-0.788637137695768,2.32865987317826,20,1,0,0,0,0,0,1,0
"76",-0.313432450055021,2.16929462882442,-2.33981927785793,15,1,0,1,0,0,0,0,0
"77",3.01804482559669,0.539531370551269,-0.852340777312006,28,0,0,0,0,1,0,0,0
"78",1.44036798565803,-0.461338275035462,3.16663698031525,22,1,0,0,0,0,0,1,0
"79",3.59575608929732,0.383958614018019,-0.245508398331194,28,0,0,0,0,1,0,0,0
"80",-1.11031613666754,2.61661296330883,0.0195382478453594,28,0,0,1,0,0,0,0,0
"81",1.65496664756919,0.816057881068609,-1.12945769718115,28,0,0,0,0,1,0,0,0
"82",2.03424476094753,0.060029542294114,1.89790994395433,28,0,0,0,0,0,0,1,0
"83",0.664090991243693,-1.14281427139965,-0.315002684152835,28,1,1,0,0,0,0,0,0
"84",-2.24534120577061,-3.76814073845646,2.21698413506879,16,1,0,0,1,0,0,0,0
"85",-0.424886600764333,-1.50393131860529,2.90294313072616,28,0,0,0,1,0,0,0,0
"86",-0.3483190329948,-0.674122886738052,-1.27154875019529,28,0,0,0,0,0,0,0,0
"87",0.471397488643951,3.0088621722745,-3.00543204277348,8,1,0,0,0,1,0,0,0
"88",-0.632551200605368,-0.093657130272072,0.21011115954272,28,0,0,0,1,0,0,0,0
"89",-0.276275522635975,-1.29593576639248,0.387202816238441,28,0,0,0,1,0,0,0,0
"90",1.25071392567274,-0.221302881205577,-1.49683441607103,28,0,1,0,0,0,0,0,0
"91",-1.73513802720882,2.25886824197339,-1.37071319564787,28,0,0,1,0,0,0,0,0
"92",1.25243253538985,1.58343867182477,-5.3175261255729,28,0,0,0,0,1,0,0,0
"93",1.1818742787164,1.56077413265401,-2.75966305791153,28,0,0,0,0,1,0,0,0
"94",0.655105068317393,0.867108686589657,0.920014348937013,28,0,0,0,0,0,0,0,1
"95",-1.65631239714375,0.256337966791821,-0.169846234062476,28,0,0,1,0,0,0,0,0
"96",-0.0800849318033415,1.2609667501183,-0.0811322503789849,28,0,0,1,0,0,0,0,0
"97",1.1128539044358,3.51429319224576,-1.04273383315942,6,1,0,0,0,1,0,0,0
"98",0.970002061889199,-0.0975014998575471,0.268294276265895,28,0,0,0,0,0,0,1,0
"99",1.705224460951,0.380399549453634,1.52388175588968,12,1,0,0,0,0,0,0,1
"100",0.205250485512329,2.8423264323265,-1.72328258660456,28,0,0,0,0,1,0,0,0
"101",0.140287705161601,-0.444985347679697,-1.17481856104093,28,0,1,0,0,0,0,0,0
"102",0.642918990530632,-0.432877418480897,2.30836910129207,28,0,0,0,0,0,0,1,0
"103",0.113442043567821,0.877627583747296,-0.503589038588911,7,1,0,0,0,1,0,0,0
"104",-0.453789508104226,-0.593736486566306,-0.975138788430302,28,0,0,0,0,0,0,0,0
"105",0.599219614388575,-0.690240877597894,-0.671853023970934,28,0,1,0,0,0,0,0,0
"106",-0.293238209193584,-4.50561541313245,2.44668375371475,28,0,0,0,1,0,0,0,0
"107",-0.988164125612063,-0.0327789913895689,0.913221130963112,28,0,0,0,1,0,0,0,0
"108",0.916022334830989,0.468539262249474,0.481951148218457,28,0,0,0,0,0,0,0,1
"109",-1.33302027834127,-3.34789923990804,1.78954599499685,28,0,0,0,1,0,0,0,0
"110",1.82104905460719,-0.113312455880393,2.49116848936901,11,1,0,0,0,0,0,1,0
"111",0.376790608376813,0.06741813569579,1.8148234029647,28,0,0,0,0,0,0,0,1
"112",-0.146364401944225,0.273179745065388,-0.165397859852382,28,0,0,1,0,0,0,0,0
"113",-1.1916678382603,-1.71018582806326,2.16219343280956,28,0,0,0,1,0,0,0,0
"114",-0.325373462682272,-2.0291970928141,-2.21470420037693,28,0,0,0,0,0,0,0,0
"115",-2.10791355553242,0.352266377373394,0.0202979904989289,28,0,0,1,0,0,0,0,0
"116",2.30280492377361,-2.93187594634789,0.174011556758345,28,0,0,0,0,0,0,1,0
"117",-0.0168503968674399,-3.01979877343338,-0.17071809223538,28,0,0,0,0,0,0,0,0
"118",0.396385509482491,-0.700260971397588,0.423392323685816,28,0,0,0,0,0,0,1,0
"119",-0.593874186232126,-0.592757206544816,1.36589435426283,28,0,0,0,1,0,0,0,0
"120",2.01780094589081,0.0578911698262291,-0.613596092424424,28,0,1,0,0,0,0,0,0
"121",0.517252810369831,0.751781158639622,0.795198877357675,13,1,0,0,0,0,0,0,1
"122",-1.69591494828123,-1.21002747043891,-1.45008713265666,28,0,0,0,0,0,0,0,0
"123",1.26670243430594,-0.477983376826275,-0.972784159129732,28,0,1,0,0,0,0,0,0
"124",-1.68624139362203,-1.18787237574567,0.472107413671259,28,0,0,0,1,0,0,0,0
"125",1.73339718452639,-0.262398991075776,-1.70618979584231,28,0,1,0,0,0,0,0,0
"126",-1.74702137901436,-0.735069403193092,0.0791870298367816,28,0,0,0,1,0,0,0,0
"127",-1.64358992737411,-0.630205449763555,-2.01692002060007,28,0,0,0,0,0,0,0,0
"128",-0.210660286447735,-1.32244475068769,1.95043254114327,28,0,0,0,1,0,0,0,0
"129",-1.20894003638061,-0.174786887286267,0.947354973434212,28,0,0,0,1,0,0,0,0
"130",-3.5956526381819,0.219359478479874,-0.750892388806029,28,0,0,1,0,0,0,0,0
"131",-0.649609986461019,-0.718771743784962,0.643127086057929,28,0,0,0,1,0,0,0,0
"132",0.475610409402322,3.61939541455823,-0.628697868258764,28,0,0,0,0,1,0,0,0
"133",-0.80321197104639,-0.526260959863153,-2.23116371859719,28,0,0,0,0,0,0,0,0
"134",1.35308783994813,0.308453681064158,0.38484431978327,28,0,0,0,0,0,0,0,1
"135",1.26248252170426,-0.00918611237443756,1.79546160229016,4,1,0,0,0,0,0,1,0
"136",0.0631533760429986,1.93359601433436,-0.378207044109937,28,0,0,1,0,0,0,0,0
"137",0.818646200293909,1.52031700457497,-0.838548632993385,28,0,0,0,0,1,0,0,0
"138",0.944347316046721,1.67313647007581,-1.27058294341391,15,1,0,0,0,1,0,0,0
"139",4.23616663690329,0.665043801025591,0.987720140223423,7,1,0,0,0,0,0,0,1
"140",0.273866294041515,0.10155528447101,0.143475059728992,28,0,0,0,0,0,0,0,1
"141",2.53452804303116,-0.53732020960922,2.10270613632857,28,0,0,0,0,0,0,1,0
"142",1.76752940858207,-1.97129702795553,-1.28543508492796,28,0,1,0,0,0,0,0,0
"143",3.09462862565829,0.224341538890993,2.11876315353543,12,1,0,0,0,0,0,0,1
"144",-0.300264876761913,-1.58985095226755,1.07875480709364,28,0,0,0,1,0,0,0,0
"145",2.69430692506362,-0.740652934917188,1.70765235584425,8,1,0,0,0,0,0,1,0
"146",0.503700549985773,-0.343800561324749,-1.49686675780695,28,0,1,0,0,0,0,0,0
"147",-1.51598013290946,-0.816964355501371,0.38536940102521,28,0,0,0,1,0,0,0,0
"148",-0.444399889292304,0.349626433711466,-0.186427154760176,28,0,0,1,0,0,0,0,0
"149",0.386501417801214,-1.55821486223113,1.09689139434865,28,0,0,0,0,0,0,1,0
"150",-0.854607042384564,0.132048308375634,-1.82832766302846,28,0,0,1,0,0,0,0,0
"151",-0.152498562275524,-0.758283772185832,-0.762293175611076,28,0,0,0,0,0,0,0,0
"152",-0.735608383611877,1.74558910262696,0.569341698307093,28,0,0,0,0,0,1,0,0
"153",-0.593189901767628,1.74045942845476,-2.20286084760145,28,0,0,1,0,0,0,0,0
"154",1.52628219329757,-0.796572371573881,-0.840521434199407,28,0,1,0,0,0,0,0,0
"155",-0.531223724476492,-1.14954093148952,0.560846998875223,15,1,0,0,1,0,0,0,0
"156",3.64661653993145,-1.78056579311599,1.09171579966737,8,1,0,0,0,0,0,1,0
"157",0.151597834653013,-2.90264575663463,1.41115445346447,28,0,0,0,0,0,0,1,0
"158",2.86674717798437,1.79187109283654,1.00633226206104,28,0,0,0,0,0,0,0,1
"159",-1.09933369163462,1.28021012629289,-1.55295698644297,28,0,0,1,0,0,0,0,0
"160",0.516874398975061,-1.9444355796947,1.86995627325142,28,0,0,0,0,0,0,1,0
"161",2.01246218863328,2.33208781595023,2.35209569281657,28,0,0,0,0,0,0,0,1
"162",0.572006609535011,2.86054344669404,0.297920384749825,28,0,0,0,0,0,0,0,1
"163",2.75164366342729,-0.10316508794364,-2.91556428178823,2,1,1,0,0,0,0,0,0
"164",0.227094405205434,1.4759593277543,-1.01043239297644,13,1,0,0,0,1,0,0,0
"165",0.0790271084134468,-0.53924561670888,0.342874301369402,28,0,0,0,0,0,0,1,0
"166",1.04945154741678,0.604761969240278,1.49321540864474,28,0,0,0,0,0,0,0,1
"167",-0.819048017043399,-1.05077941164257,-0.694583492243105,28,0,0,0,0,0,0,0,0
"168",-0.101673690009749,1.03726973717768,-2.03280153916935,28,0,0,1,0,0,0,0,0
"169",3.62178460455699,2.30927714830612,-1.1423842746474,5,1,0,0,0,1,0,0,0
"170",0.237912797834346,2.46693921376079,-2.26877689817039,14,1,0,0,0,1,0,0,0
"171",-1.34997500709016,-0.736144119905561,-0.522754371513975,28,0,0,0,0,0,0,0,0
"172",0.842459198714512,0.574773234255446,0.174523689984029,28,0,0,0,0,0,0,0,1
"173",1.140754749437,-0.455274454651792,0.999307961574661,28,0,0,0,0,0,0,1,0
"174",0.184659423163824,-0.00421572190856612,-0.176445123262978,28,0,1,0,0,0,0,0,0
"175",-1.22931722180906,1.07918321169379,-1.5820217675222,28,0,0,1,0,0,0,0,0
"176",-1.18775872416032,-2.30466034224003,0.455655698016406,28,0,0,0,1,0,0,0,0
"177",-0.549965498030633,-3.9585952736262,1.20305841126911,6,1,0,0,1,0,0,0,0
"178",0.45977422526745,-2.65360546443492,1.25456062124017,28,0,0,0,0,0,0,1,0
"179",0.405830356108754,3.13304387771444,-3.24846253584747,3,1,0,0,0,1,0,0,0
"180",-1.83176787074226,0.146061951531947,1.02547002951508,28,0,0,0,0,0,1,0,0
"181",0.075760530107915,0.0933334005061189,0.378910775355816,28,0,0,0,0,0,0,0,1
"182",1.15275202538008,-0.651265927943616,0.828078588993304,28,0,0,0,0,0,0,1,0
"183",2.02877021606363,0.242005974373934,2.97643938941119,2,1,0,0,0,0,0,0,1
"184",0.941191901844238,0.102393982013448,0.171627345978099,28,0,0,0,0,0,0,0,1
"185",-0.875400369570308,-1.03141536737075,-1.32621032106653,28,0,0,0,0,0,0,0,0
"186",1.50004992948226,2.12529892003289,2.65524131149113,2,1,0,0,0,0,0,0,1
"187",0.0564281427106014,-1.16173309682032,-0.0190814886063353,28,0,0,0,0,0,0,0,0
"188",0.0769809402755716,3.33549804401954,-0.592432505380903,28,0,0,0,0,1,0,0,0
"189",0.727703078013956,0.604485798463187,-1.06950467665662,28,0,0,0,0,1,0,0,0
"190",2.75583668926371,0.706521725928819,0.247211855045619,3,1,0,0,0,0,0,0,1
"191",0.162497679184992,-0.131469786806475,1.22488629635483,28,0,0,0,0,0,0,1,0
"192",0.41603828820287,0.686134808282549,-1.26969184807064,3,1,0,0,0,1,0,0,0
"193",1.22739607567388,0.113354106997575,-0.740484131857593,28,0,0,0,0,1,0,0,0
"194",0.430649334542913,-0.281064946012706,-0.681361247367417,28,0,1,0,0,0,0,0,0
"195",-1.3309218246535,0.921597579637351,-1.87168117785062,28,0,0,1,0,0,0,0,0
"196",-1.09951060871109,0.2805782212526,-0.70617347314756,28,0,0,1,0,0,0,0,0
"197",-0.809026620248317,-2.56212569542494,-1.01535672261402,28,0,0,0,0,0,0,0,0
"198",1.21717134309867,-1.62267589948933,3.76462959092886,12,1,0,0,0,0,0,1,0
"199",-0.485276869011523,-0.265587139687686,0.913997797559299,28,0,0,0,1,0,0,0,0
"200",-3.41303662008019,-1.48565069412031,1.62473593315043,28,0,0,0,1,0,0,0,0
"201",-1.23811697537016,0.419806763532708,0.585611124553924,28,0,0,0,0,0,1,0,0
"202",2.30827786684219,1.29851207141201,-0.0587491930951952,1,1,0,0,0,1,0,0,0
"203",0.373379330204173,2.12285236675864,-1.91091310120933,28,0,0,0,0,1,0,0,0
"204",2.33201893321994,-0.674230351492148,-1.31597208930589,1,1,1,0,0,0,0,0,0
"205",-0.188251582301644,-0.0115798269410178,-0.733761676595968,28,0,0,0,0,0,0,0,0
"206",-0.767287241746912,-0.944811086032795,0.364871784588961,28,0,0,0,1,0,0,0,0
"207",1.21689879356294,-0.548836580742542,1.40276518632787,28,0,0,0,0,0,0,1,0
"208",-0.411760762116053,0.200349312061484,2.30367882249928,28,0,0,0,0,0,1,0,0
"209",0.333542668273363,-1.38002689096477,-1.69413448234025,1,1,1,0,0,0,0,0,0
"210",-0.141211899234684,0.846832525753634,-0.758892316693768,28,0,0,1,0,0,0,0,0
"211",1.08264476666295,1.03058785619387,0.313833360372392,28,0,0,0,0,0,0,0,1
"212",0.452686013375292,2.11083220384918,0.0203857120088207,28,0,0,0,0,1,0,0,0
"213",-2.28827437935534,-3.0042764422074,-0.979379921934818,28,0,0,0,0,0,0,0,0
"214",-0.909820897604678,-1.84995508488221,0.520654309157783,28,0,0,0,1,0,0,0,0
"215",2.99092214248053,0.285876478670071,1.20294965230497,6,1,0,0,0,0,0,0,1
"216",-0.346180046786856,1.41965978234325,0.245730515739079,28,0,0,0,0,0,1,0,0
"217",-0.198899318650746,-2.52415104510456,0.488025979528436,28,0,0,0,1,0,0,0,0
"218",-0.139962056603116,-1.26628153951088,-2.10199938844081,28,0,0,0,0,0,0,0,0
"219",0.038653973592845,1.3315462363343,-0.515908343727373,1,1,0,1,0,0,0,0,0
"220",1.05180043407466,0.158718126926487,1.77969331881999,28,0,0,0,0,0,0,0,1
"221",-1.60199952469589,-1.67137238519858,-0.321998353675723,28,0,0,0,0,0,0,0,0
"222",-1.58966645134799,-3.1991800510668,0.354630765969332,28,0,0,0,1,0,0,0,0
"223",3.04248146366948,-1.20413355579142,2.64173305357735,1,1,0,0,0,0,0,1,0
"224",0.486703352347285,-0.136959834533045,2.42223036946198,28,0,0,0,0,0,0,1,0
"225",1.6777440164054,1.81993546526296,0.405858672331205,28,0,0,0,0,0,0,0,1
"226",0.848474666315488,2.40189729373778,-1.80692125853831,28,0,0,0,0,1,0,0,0
"227",-0.350820558775907,1.81719508971413,0.171688192443245,28,0,0,0,0,0,1,0,0
"228",-2.0567422082232,-1.76562112606478,1.16391225160915,28,0,0,0,1,0,0,0,0
"229",1.67935202809319,-2.03863547753698,2.79526403506081,5,1,0,0,0,0,0,1,0
"230",-1.74332525980907,0.349668786323522,-1.80371386639584,28,0,0,1,0,0,0,0,0
"231",0.0791141490841014,-2.12922037314695,1.60793636137712,28,0,0,0,0,0,0,1,0
"232",-0.852199547018083,-0.486602846727781,1.56206645867803,28,0,0,0,1,0,0,0,0
"233",1.07486090686943,1.99760362494096,-1.37133033303852,28,0,0,0,0,1,0,0,0
"234",2.70662794437294,0.309836812792127,0.890755749181998,5,1,0,0,0,0,0,0,1
"235",-0.645158742034469,-2.53883806554733,-1.97398507078044,28,0,0,0,0,0,0,0,0
"236",-0.251932739889907,1.67556860049335,-0.890707011095919,28,0,0,1,0,0,0,0,0
"237",-0.0685742278967487,0.256144240172959,0.152512330913589,28,0,0,0,0,0,1,0,0
"238",-0.0588035080445046,1.27109613756043,-0.595573886318856,28,0,0,1,0,0,0,0,0
"239",-0.686861954252066,-1.5726179968827,0.873782588708837,28,0,0,0,1,0,0,0,0
"240",2.65776001668488,0.643526345183804,1.29302934866588,3,1,0,0,0,0,0,0,1
"241",0.844402858420792,0.701482455302354,2.25691309086927,12,1,0,0,0,0,0,0,1
"242",1.94762068132971,0.503233994879165,0.487759067283896,28,0,0,0,0,0,0,0,1
"243",-2.77819767507401,1.99756403062968,1.00510703303232,28,0,0,0,0,0,1,0,0
"244",1.42802438266079,0.996289977920896,-0.488990048752094,28,0,0,0,0,1,0,0,0
"245",1.27385959197342,0.232859655016876,0.183648174992427,28,0,0,0,0,0,0,0,1
"246",4.5801600205046,0.341674388034445,0.656409039825038,6,1,0,0,0,0,0,0,1
"247",1.42664229095685,-0.282235519111002,0.504429701787273,28,0,0,0,0,0,0,1,0
"248",0.752936019443067,1.59394377440894,-0.754898392388046,28,0,0,0,0,1,0,0,0
"249",1.09987637818711,1.67895719405927,-1.54249157959025,14,1,0,0,0,1,0,0,0
"250",-0.482164207753938,-0.48323360696363,-1.01900160498443,28,0,0,0,0,0,0,0,0
"251",-0.104368189570036,2.56583326037372,-0.274441714685584,28,0,0,1,0,0,0,0,0
"252",-1.80029965401501,1.65273943739665,-2.68273433600629,28,0,0,1,0,0,0,0,0
"253",-0.956890319401948,-0.749068520684336,-1.10961465589753,28,0,0,0,0,0,0,0,0
"254",-0.247769684611621,0.831984297860001,-0.568957528617918,28,0,0,1,0,0,0,0,0
"255",-0.418204933121098,-2.10870212828752,-1.71298005204061,28,0,0,0,0,0,0,0,0
"256",0.608623706120067,1.43517942087483,-0.244307064434342,28,0,0,0,0,1,0,0,0
"257",0.190080456218594,1.32667850135167,0.0504533406498703,28,0,0,0,0,1,0,0,0
"258",-0.205575697800331,2.04095373543831,-1.24902339375308,28,0,0,1,0,0,0,0,0
"259",3.70270198206078,0.0827670081602716,2.60469287891322,28,0,0,0,0,0,0,0,1
"260",0.838956879271655,1.68744484228033,-1.66490998929107,28,0,0,0,0,1,0,0,0
"261",-1.77574556930461,1.64770362253941,-2.15057446088712,28,0,0,1,0,0,0,0,0
"262",3.41166441618479,-0.147694305739829,0.977384861451054,28,0,0,0,0,0,0,1,0
"263",0.0418787232618519,1.67591584242293,-0.814750692166016,28,0,0,1,0,0,0,0,0
"264",0.122374174318057,1.09773586491384,-0.970727536386812,4,1,0,0,0,1,0,0,0
"265",-1.1774766533109,-1.38416255366875,0.0149181364520508,28,0,0,0,0,0,0,0,0
"266",0.930690428653016,3.58876632925704,0.479641711759009,3,1,0,0,0,0,0,0,1
"267",0.116564833281445,2.17950780306281,-0.459373010036881,10,1,0,0,0,1,0,0,0
"268",1.47165535709043,-0.698593568423369,2.66843561244997,28,1,0,0,0,0,0,1,0
"269",1.2897105861267,-1.85837172982376,-1.75362078620034,15,1,1,0,0,0,0,0,0
"270",1.78955857030442,-1.00703411838973,-1.46987869540344,28,0,1,0,0,0,0,0,0
"271",-0.760756980905561,-0.853611810768778,0.541458894776416,28,0,0,0,1,0,0,0,0
"272",0.629403436037214,-1.21154090044331,-0.671628647762877,28,0,1,0,0,0,0,0,0
"273",2.0251547821953,-1.20715447543439,-1.69028929911179,28,0,1,0,0,0,0,0,0
"274",-0.968135216102574,-0.165988709779473,2.84833034984961,2,1,0,0,1,0,0,0,0
"275",1.58893670177572,0.162567868574479,1.02401993533721,28,0,0,0,0,0,0,0,1
"276",0.845144240257951,0.484982076087102,-0.125420233588345,18,1,0,0,0,1,0,0,0
"277",0.215543196243811,0.681351360017071,-1.11192685559841,28,0,0,0,0,1,0,0,0
"278",2.17407393089306,-1.40219780539635,-0.400202277151017,28,0,1,0,0,0,0,0,0
"279",-0.42663313815483,1.5647565090621,-1.2885261537233,28,0,0,1,0,0,0,0,0
"280",-1.13734284938693,-3.82203310102925,-0.405314966325709,28,0,0,0,0,0,0,0,0
"281",-0.334550771820583,-0.276624068884774,0.657001259729149,12,1,0,0,1,0,0,0,0
"282",0.422804714829414,-0.543827642091312,2.62375624806867,7,1,0,0,0,0,0,1,0
"283",0.875079978442263,1.81806154208494,-0.81657704958689,28,0,0,0,0,1,0,0,0
"284",0.913997404181814,1.05174385732577,0.265113027037753,28,0,0,0,0,0,0,0,1
"285",2.30459555343644,1.63616373025987,0.914659131293434,4,1,0,0,0,0,0,0,1
"286",1.93974901046318,0.285791222156488,-0.124490130772428,28,0,0,0,0,1,0,0,0
"287",-0.651083114103328,1.7934781391432,-0.854518348228253,3,1,0,1,0,0,0,0,0
"288",1.09528681774128,2.68316472464281,-0.536466663619338,1,1,0,0,0,1,0,0,0
"289",-0.372543238015836,1.71627836172548,0.167221850763523,2,1,0,0,0,0,1,0,0
"290",-0.675468391815849,1.77085044945491,2.00858509163091,28,0,0,0,0,0,1,0,0
"291",-0.674045871149878,-2.33056923873408,-0.254651561058002,28,0,0,0,0,0,0,0,0
"292",2.10583501297091,2.48468216218783,0.851783082424935,3,1,0,0,0,0,0,0,1
"293",1.50259731632458,2.22123778623837,1.46151862441961,28,0,0,0,0,0,0,0,1
"294",-1.07306705674859,0.194254326689912,0.598018398250419,28,0,0,0,0,0,1,0,0
"295",-0.777362276894578,0.508953138146997,0.696785633803171,28,0,0,0,0,0,1,0,0
"296",0.412376381932741,-0.273640354509149,0.520598467790385,28,0,0,0,0,0,0,1,0
"297",-2.75816529824869,0.539102412072804,-0.083938413402646,28,0,0,1,0,0,0,0,0
"298",1.83775608590082,0.56215847611968,0.198046474106052,28,0,0,0,0,0,0,0,1
"299",-1.82731604518776,0.342794768009001,0.0511402686646596,28,0,0,1,0,0,0,0,0
"300",0.565682691331187,-0.936446981699694,0.902704104186638,28,0,0,0,0,0,0,1,0
"301",-0.289780186840576,-1.11576102976372,-1.36156271082323,28,0,0,0,0,0,0,0,0
"302",0.036260183283336,0.664923656865798,0.455150477471533,28,0,0,0,0,0,1,0,0
"303",-0.292777203227321,0.243306541387521,-0.013153888925785,28,0,0,1,0,0,0,0,0
"304",2.51980032838651,-0.23528829873028,-1.47669853175365,23,1,1,0,0,0,0,0,0
"305",0.685635648108195,-1.06714582967526,0.672125874660525,28,0,0,0,0,0,0,1,0
"306",1.03972643114242,0.964351921934234,2.10856584405921,28,0,0,0,0,0,0,0,1
"307",1.66583173477745,1.05861273130835,0.770232436894732,6,1,0,0,0,0,0,0,1
"308",-1.00479800905781,1.92622170193377,-1.8337237986698,12,1,0,1,0,0,0,0,0
"309",-0.146409315679435,1.90209954774799,0.202831396477936,28,0,0,0,0,0,1,0,0
"310",-0.780134041243154,-0.155003098112622,0.907670134456883,28,0,0,0,1,0,0,0,0
"311",4.14846233408266,-0.925172442443939,4.17394965092462,7,1,0,0,0,0,0,1,0
"312",-1.20604704486413,-0.971240450031042,-0.520411950163045,28,0,0,0,0,0,0,0,0
"313",-1.46943992133603,-1.52966309313331,-1.27780919329442,28,0,0,0,0,0,0,0,0
"314",-1.61835844468232,1.27174697817146,-2.54956049851322,28,0,0,1,0,0,0,0,0
"315",-0.427967126248719,-1.81547136759893,-1.5530614111482,28,0,0,0,0,0,0,0,0
"316",3.14436900572492,-1.58010257785129,0.807548917771689,14,1,0,0,0,0,0,1,0
"317",-1.0256700941347,-1.08628325965107,2.15219094769342,27,1,0,0,1,0,0,0,0
"318",-0.316422907990908,-1.11276941415862,0.807166542973387,28,0,0,0,1,0,0,0,0
"319",0.337220331658186,-0.907569256110634,-1.25239579609472,28,0,1,0,0,0,0,0,0
"320",-0.302934809460752,-0.0201796784314604,-0.517193862907473,28,0,0,0,0,0,0,0,0
"321",-0.930211693348879,-0.0520310631135777,-0.0179981921861978,28,0,0,0,0,0,0,0,0
"322",0.627368891617297,-2.26815074919197,0.968165299751776,28,0,0,0,0,0,0,1,0
"323",1.29928550074887,-0.734289293957506,1.79541688923272,28,0,0,0,0,0,0,1,0
"324",2.59366446588499,2.20154977128634,0.725597975733812,28,0,0,0,0,0,0,0,1
"325",-2.81297067849862,1.15924334923346,-1.94345953819112,28,0,0,1,0,0,0,0,0
"326",0.0334468469754971,0.688498977075812,-0.723984288187799,16,1,0,1,0,0,0,0,0
"327",1.1681960090994,-0.19364766076296,0.803972378308858,28,0,0,0,0,0,0,1,0
"328",0.589132365471818,0.568192609581974,1.59583198254826,28,0,0,0,0,0,0,0,1
"329",-0.493675299061355,1.37891570234447,-0.626528355989549,7,1,0,1,0,0,0,0,0
"330",1.55667223928899,-1.93888153690636,-1.51531856746771,28,0,1,0,0,0,0,0,0
"331",-0.996192212469663,-0.239388727039712,-3.07888593762683,28,0,0,0,0,0,0,0,0
"332",3.01425774752074,-0.326052964683587,0.521759659787692,3,1,0,0,0,0,0,1,0
"333",2.90989889147438,-0.0329130385794229,-0.231999765670526,28,0,1,0,0,0,0,0,0
"334",-0.440938215167597,0.507695846600004,0.985560978172803,28,0,0,0,0,0,1,0,0
"335",-0.927914787180305,0.559591441098281,0.848654561478436,28,0,0,0,0,0,1,0,0
"336",-1.83991102707249,-3.01598273685913,2.60043507207731,28,0,0,0,1,0,0,0,0
"337",-1.82607542657675,-2.89308892265581,0.951326949720941,28,0,0,0,1,0,0,0,0
"338",-0.421572696873714,0.418292913148098,-1.8122264952692,28,0,0,1,0,0,0,0,0
"339",-1.87141159729699,0.619035544764009,1.82247596061913,10,1,0,0,0,0,1,0,0
"340",-0.372290750945998,0.089729428962898,0.712523041491172,28,0,0,0,0,0,1,0,0
"341",-0.593654622434848,-2.68154846203103,-1.75120029732388,28,0,0,0,0,0,0,0,0
"342",3.20734163195728,-0.099969092448096,0.11859155230511,10,1,0,0,0,0,0,1,0
"343",0.811461553002393,-0.0882232845827602,-2.95698605734425,28,0,1,0,0,0,0,0,0
"344",0.110476877778979,0.0276489876710198,1.41378518161743,28,0,0,0,0,0,0,1,0
"345",0.704384787098234,-0.996651306805723,0.487224991305189,28,0,0,0,0,0,0,1,0
"346",-0.0587999393933949,2.56233506388178,-1.41264675061309,28,0,0,1,0,0,0,0,0
"347",0.555899287394549,-1.18594723942904,2.2490932802317,2,1,0,0,0,0,0,1,0
"348",-0.41442202311953,1.71963097977916,0.707448165849746,28,0,0,0,0,0,1,0,0
"349",-0.976929755600563,-1.85291286328129,-1.22811524127658,28,0,0,0,0,0,0,0,0
"350",0.985745732087398,0.200234308223878,0.358913474973116,28,0,0,0,0,0,0,0,1
"351",0.0200662239163846,-1.30140440765597,-0.0163665690692115,28,0,0,0,0,0,0,0,0
"352",0.159341299696002,1.25287641933188,-1.52400557537685,28,0,0,0,0,1,0,0,0
"353",-3.7772683699076,-1.93350723863928,2.84388346448981,28,0,0,0,1,0,0,0,0
"354",-0.612497036386749,1.20686862346116,-0.645975621649798,28,0,0,1,0,0,0,0,0
"355",1.3741157029283,2.75827876460883,-0.706180477329646,21,1,0,0,0,1,0,0,0
"356",-1.19490328705045,-1.65528739065259,-2.04860202085183,28,0,0,0,0,0,0,0,0
"357",2.90926454143563,-0.415066623264856,-0.0157335314496223,28,0,1,0,0,0,0,0,0
"358",0.874719016556198,-0.96887280942841,1.51298958025461,28,0,0,0,0,0,0,1,0
"359",-1.10526090530565,-1.74306386105441,-0.216085057316653,28,0,0,0,0,0,0,0,0
"360",1.97286348445601,-1.13679546994443,1.89733075792254,28,0,0,0,0,0,0,1,0
"361",1.67886178010453,0.220680320486989,0.0448314184169435,28,0,0,0,0,1,0,0,0
"362",-2.01228130951736,0.221156143583312,-0.411280311045737,28,0,0,1,0,0,0,0,0
"363",-5.33697842659731,-3.26441227206396,1.40167062585469,28,0,0,0,1,0,0,0,0
"364",3.14847362609956,-0.403565015637495,1.26537493847548,11,1,0,0,0,0,0,1,0
"365",-0.69180742983117,-0.0917013124099351,-1.62923565008672,28,0,0,0,0,0,0,0,0
"366",-2.11148654014522,-0.449208033576184,1.75186573224799,1,1,0,0,1,0,0,0,0
"367",0.279216659726283,-3.56930152592201,0.843274600347622,28,0,0,0,0,0,0,1,0
"368",-0.0349078958406695,0.671038890594345,0.210380237044361,1,1,0,0,0,0,1,0,0
"369",-0.0191372265118203,0.79072312480839,-2.35808164620872,28,0,0,1,0,0,0,0,0
"370",0.597924316633291,1.24964529303663,-0.7419429794048,28,0,0,0,0,1,0,0,0
"371",-0.20881861384728,1.69794978866472,-1.34183985238822,25,1,0,1,0,0,0,0,0
"372",-0.0964447178342954,2.0065473470291,-1.19124486546318,28,0,0,1,0,0,0,0,0
"373",1.84747781523964,2.66808130750307,-2.15487255237394,5,1,0,0,0,1,0,0,0
"374",-1.50605565407939,0.513530104843125,0.53153458848068,28,0,0,0,0,0,1,0,0
"375",4.19925051366283,0.659938635131431,0.853618580343933,2,1,0,0,0,0,0,0,1
"376",0.5967160892907,-0.150842885924703,-1.70531424679226,28,0,1,0,0,0,0,0,0
"377",-0.777099500950759,2.93769149591288,-3.68969095991405,28,0,0,1,0,0,0,0,0
"378",0.799628966246152,-0.234417784871058,-0.978013164821076,1,1,1,0,0,0,0,0,0
"379",0.926554282515992,1.79607604946573,-0.0183374538135927,28,0,0,0,0,1,0,0,0
"380",-5.05644630743329,-1.28121981007152,-2.43654301777475,28,0,0,0,0,0,0,0,0
"381",0.348816380417797,-3.03919954069846,2.88038022891625,2,1,0,0,0,0,0,1,0
"382",3.23421972377707,-1.95888820286935,-0.233787811359987,8,1,1,0,0,0,0,0,0
"383",2.14982952408555,-0.207341030369693,-0.87184497576082,28,0,1,0,0,0,0,0,0
"384",2.6601554666142,2.78588124325264,0.0409466365090244,28,0,0,0,0,1,0,0,0
"385",-0.965758933733189,1.14501199911839,-4.3521662681424,8,1,0,1,0,0,0,0,0
"386",-0.554038895427303,0.293513328867161,0.582871289953707,28,0,0,0,0,0,1,0,0
"387",-0.0760941717747039,0.422088315410459,-0.0584951320672689,28,0,0,1,0,0,0,0,0
"388",1.75702535248492,1.60258645718052,-0.767997923156066,28,0,0,0,0,1,0,0,0
"389",-0.0467348841817996,-1.81948983189285,0.165105953912649,28,0,0,0,1,0,0,0,0
"390",0.961539558859689,1.29786219541589,-0.457550047964317,28,0,0,0,0,1,0,0,0
"391",-0.614947808968041,0.527604785808373,-0.549667234483128,28,0,0,1,0,0,0,0,0
"392",-1.59199575612698,0.730215190172016,-2.93307786975659,28,0,0,1,0,0,0,0,0
"393",0.624117410027414,0.171001072962028,-1.75230066859974,28,0,0,0,0,1,0,0,0
"394",2.11545179877853,0.270927016135583,0.302704851651353,15,1,0,0,0,0,0,0,1
"395",0.214570037383266,1.0935141287882,1.10237985803404,28,0,0,0,0,0,0,0,1
"396",0.579431040395597,1.18167263750084,-1.8524242166866,28,0,0,0,0,1,0,0,0
"397",0.562279874856941,-0.125408647821008,-5.52239294684926,28,0,1,0,0,0,0,0,0
"398",-0.705418795998702,-3.3095988270925,3.00326332941671,11,1,0,0,1,0,0,0,0
"399",-0.480520529088219,-1.48529304483691,1.64034284896516,2,1,0,0,1,0,0,0,0
"400",-1.00253057634196,1.31493878058721,-0.525268200507788,5,0,0,1,0,0,0,0,0
"401",-0.75187317508041,-1.07305889356372,0.717969686040236,28,0,0,0,1,0,0,0,0
"402",1.19855502256139,1.50629337225862,-1.58306482595786,28,0,0,0,0,1,0,0,0
"403",1.64982435137433,-0.732668547301366,0.849574818278926,28,0,0,0,0,0,0,1,0
"404",0.0300707329810935,-2.04512767985667,2.10977786770943,1,1,0,0,1,0,0,0,0
"405",3.50738397101276,1.14693035879384,-0.661890863860886,18,1,0,0,0,1,0,0,0
"406",-4.74027237378133,-0.215047731673504,1.43379601473825,19,1,0,0,1,0,0,0,0
"407",-2.04879437822883,0.923638119803849,-0.3422629811017,28,0,0,1,0,0,0,0,0
"408",-0.475781633762227,-0.464230083284375,-1.43558218916588,28,0,0,0,0,0,0,0,0
"409",1.35016707883499,-3.10885431219234,-1.58184723719484,28,0,1,0,0,0,0,0,0
"410",2.12994611952777,-1.2962196001108,0.593952783878912,1,1,0,0,0,0,0,1,0
"411",0.415494431448748,-0.823450126641778,2.69075930133711,28,0,0,0,0,0,0,1,0
"412",-0.508085822843254,2.04289840357068,-2.12831872708478,28,0,0,1,0,0,0,0,0
"413",-1.29589464880034,-1.83988015436068,2.80362466378579,28,0,0,0,1,0,0,0,0
"414",-1.63725788644621,-4.14096738453612,0.663300336678033,28,0,0,0,1,0,0,0,0
"415",-1.52942980427733,-1.3589029506239,-1.5611634709991,28,0,0,0,0,0,0,0,0
"416",-0.629364912558031,-1.25732837355286,-0.835028745198928,28,0,0,0,0,0,0,0,0
"417",-2.27421823509447,-3.35096283223048,0.137903962683929,28,0,0,0,1,0,0,0,0
"418",1.46753990956427,0.127537580192025,-1.64341811721533,28,0,0,0,0,1,0,0,0
"419",3.06408100603446,-0.0114904070520389,-0.324267194293132,28,0,1,0,0,0,0,0,0
"420",0.945559912067539,0.886953451805915,-0.424559241729043,28,0,0,0,0,1,0,0,0
"421",-1.23098911398932,0.353437529128486,-0.716415621801736,28,0,0,1,0,0,0,0,0
"422",1.17012789462114,-0.779329664343059,-1.16004701988571,28,0,1,0,0,0,0,0,0
"423",-2.08088649458012,-1.45371480940123,-0.0305593259193774,28,0,0,0,0,0,0,0,0
"424",-0.426850840682027,-1.88644562034509,1.737775746518,28,0,0,0,1,0,0,0,0
"425",0.607827329749854,0.740552961356512,-1.48274918581838,28,0,0,0,0,1,0,0,0
"426",0.802562908436219,0.352039989433435,0.712987624201824,28,0,0,0,0,0,0,0,1
"427",-0.524017766110162,-0.596980179449976,0.837495982917977,28,0,0,0,1,0,0,0,0
"428",-0.586790755209825,1.28019437292418,0.165683827396669,28,0,0,0,0,0,1,0,0
"429",-0.62220291799251,-0.422715060169899,-1.40483626417546,28,0,0,0,0,0,0,0,0
"430",-1.38244359877555,-0.670669244341747,-0.928724300446788,28,0,0,0,0,0,0,0,0
"431",0.32184834563412,-0.676738231661756,-0.633818618273995,28,0,1,0,0,0,0,0,0
"432",0.992827978494741,-0.419013055450121,2.57680129879386,28,0,0,0,0,0,0,1,0
"433",2.44726291275649,-1.22862015859001,0.888653769842315,28,0,0,0,0,0,0,1,0
"434",-1.08422376969349,1.76610357022503,2.27689809310106,28,0,0,0,0,0,1,0,0
"435",-2.49944141399157,-3.30147266269186,1.27181453085884,28,0,0,0,1,0,0,0,0
"436",1.28323587578486,1.24216476275063,-1.09493554365469,28,0,0,0,0,1,0,0,0
"437",0.688168859175242,-1.59992804542338,0.0322501812149228,28,0,1,0,0,0,0,0,0
"438",-1.45290238975758,-3.20023353245664,1.49157696036582,28,0,0,0,1,0,0,0,0
"439",0.720896280811998,0.07436989328039,-0.237080975396506,28,0,0,0,0,1,0,0,0
"440",-1.98797800055616,-0.291815411450285,1.39880883993203,28,0,0,0,1,0,0,0,0
"441",0.67062032700429,0.150989286717757,-0.582901214935559,28,0,0,0,0,1,0,0,0
"442",-0.329059758206846,-0.651762649450616,-1.71927284735815,28,0,0,0,0,0,0,0,0
"443",3.76251462138684,-2.55872863975392,4.41715564652207,8,1,0,0,0,0,0,1,0
"444",1.35086236739813,0.619024684768456,1.54556130001579,28,0,0,0,0,0,0,0,1
"445",1.71372855533018,-0.970818655891129,0.0632626110997962,28,0,1,0,0,0,0,0,0
"446",0.270201041265576,3.14189250332319,-0.611817084010958,28,0,0,0,0,1,0,0,0
"447",1.01658136483156,1.96458384124107,0.858274864745712,28,0,0,0,0,0,0,0,1
"448",-1.16194084337344,-0.550407672289553,0.293195836164591,28,0,0,0,1,0,0,0,0
"449",1.42531569444459,-1.10618421631189,1.22650987705878,17,1,0,0,0,0,0,1,0
"450",-0.0533768951401591,-1.23235064701209,0.250646405279634,28,0,0,0,1,0,0,0,0
"451",2.32936999955055,-0.771374470363183,-1.48374373359855,28,0,1,0,0,0,0,0,0
"452",-0.0237758784614222,2.57100685251133,-0.362866245321306,20,1,0,1,0,0,0,0,0
"453",-1.75662204978728,-0.0821336922725171,-1.10763449294696,28,0,0,0,0,0,0,0,0
"454",1.4024743116256,-0.299323426210706,0.656888023359231,28,0,0,0,0,0,0,1,0
"455",-1.50235576551963,-1.8048844181795,-0.105633281974052,28,0,0,0,0,0,0,0,0
"456",-0.486835581262928,4.18982268813805,-1.24210069183146,1,1,0,1,0,0,0,0,0
"457",2.81777423065769,1.54213754657459,-2.94114189749958,13,1,0,0,0,1,0,0,0
"458",-0.389413349826642,2.13652214277327,-1.60198499154816,28,0,0,1,0,0,0,0,0
"459",2.22050026026615,2.14823265705196,-0.0187218843844037,28,0,0,0,0,1,0,0,0
"460",1.24932840276421,-2.03636832262641,1.53083262692462,28,0,0,0,0,0,0,1,0
"461",0.0305261867327809,-0.0787879216577757,2.29823577740721,28,0,0,0,1,0,0,0,0
"462",-1.30535278306098,-3.39597823851726,-0.632653085292166,28,0,0,0,0,0,0,0,0
"463",-1.99060026931988,-4.20140848605422,-1.10902483780968,28,0,0,0,0,0,0,0,0
"464",-3.19959827107396,-0.721542316342694,-1.54527198003161,28,0,0,0,0,0,0,0,0
"465",2.14910823048543,0.171498869159701,-0.213263994177565,28,0,0,0,0,1,0,0,0
"466",-0.49979859757864,-2.82572293495767,-0.602807387003893,28,0,0,0,0,0,0,0,0
"467",-0.947200307860576,-0.613597517501024,-0.596085251190709,28,0,0,0,0,0,0,0,0
"468",-1.7003655520801,1.23747964374387,1.00895663742907,28,0,0,0,0,0,1,0,0
